stock_code,user_id,direction,executed_price,executed_quantity,original_quantity,unfilled_quantity,timestamp
REEI,97866796070,buy,9.21,93400,93400,0,2023-06-15 11:21:08.747085
REEI,55503246178,buy,9.21,104000,104000,0,2023-06-15 14:31:39.046082
REEI,74154306146,buy,9.21,933700,933700,0,2023-06-15 10:32:21.251109
REEI,94609594557,buy,9.21,105100,105100,0,2023-06-15 14:38:01.655120
REEI,83285099028,buy,9.21,1045700,1045700,0,2023-06-15 14:25:52.463254
REEI,83307643692,buy,9.21,103000,103000,0,2023-06-15 13:55:02.835942
REEI,69103304303,buy,9.21,1227400,1227400,0,2023-06-15 13:30:02.335133
REEI,68493791533,buy,9.21,46600,46600,0,2023-06-15 14:09:15.188367
REEI,89384948645,buy,9.21,1007300,1007300,0,2023-06-15 14:28:43.272535
REEI,56315373828,buy,9.21,114200,114200,0,2023-06-15 14:05:28.903915
REEI,19523927125,buy,9.21,102800,102800,0,2023-06-15 14:29:54.513651
REEI,73523616337,buy,9.21,542600,542600,0,2023-06-15 09:41:42.609586
REEI,94588474629,buy,9.21,91400,91400,0,2023-06-15 10:02:38.960958
REEI,81063925010,buy,9.21,92500,92500,0,2023-06-15 11:01:53.120054
REEI,52351177364,buy,9.21,53500,53500,0,2023-06-15 13:21:03.927642
REEI,24698632672,buy,9.21,1687100,1687100,0,2023-06-15 13:58:33.688013
REEI,23281855292,buy,9.21,2076400,2076400,0,2023-06-15 10:08:29.124588
REEI,99717074794,buy,9.21,106500,106500,0,2023-06-15 13:27:19.155874
REEI,38030669385,buy,9.21,850400,850400,0,2023-06-15 14:03:00.683679
REEI,50292229458,buy,9.21,173900,173900,0,2023-06-15 14:20:03.934170
REEI,63282882165,buy,9.21,1063200,1063200,0,2023-06-15 10:00:16.778399
REEI,86233293484,buy,9.21,100400,100400,0,2023-06-15 14:24:46.935496
REEI,24758580989,buy,9.21,103700,103700,0,2023-06-15 13:28:15.112058
REEI,48294569201,buy,9.21,156400,156400,0,2023-06-15 13:28:03.447294
REEI,65869298244,buy,9.21,98000,98000,0,2023-06-15 10:53:49.751793
REEI,63334896409,buy,9.21,249600,249600,0,2023-06-15 09:38:05.757250
REEI,93294782465,buy,9.21,111100,111100,0,2023-06-15 09:42:17.524966
REEI,93531157884,buy,9.21,105100,105100,0,2023-06-15 11:28:11.071838
REEI,80850303194,buy,9.21,111800,111800,0,2023-06-15 14:12:35.245810
REEI,85003520857,buy,9.21,88300,88300,0,2023-06-15 14:29:58.347757
REEI,92873967192,buy,9.21,99300,99300,0,2023-06-15 11:18:59.933560
REEI,35530389569,buy,9.21,99300,99300,0,2023-06-15 14:59:46.564717
REEI,63718176271,buy,9.21,214400,214400,0,2023-06-15 13:49:59.267779
REEI,37659616524,buy,9.21,112100,112100,0,2023-06-15 14:27:26.239461
REEI,43094587838,buy,9.21,1069100,1069100,0,2023-06-15 09:33:39.987840
REEI,19138803449,buy,9.21,105500,105500,0,2023-06-15 14:42:21.916113
REEI,88992850137,buy,9.21,1093400,1093400,0,2023-06-15 13:49:20.988143
REEI,49266980122,buy,9.21,220800,220800,0,2023-06-15 13:56:52.170969
REEI,41229353014,buy,9.21,186500,186500,0,2023-06-15 09:44:44.289062
REEI,12097837305,buy,9.21,166300,166300,0,2023-06-15 14:12:09.466195
REEI,49493398269,buy,9.21,190000,190000,0,2023-06-15 11:26:33.472766
REEI,14490236363,buy,9.21,109100,109100,0,2023-06-15 13:13:36.298041
REEI,11946293378,buy,9.21,541900,541900,0,2023-06-15 13:50:14.447570
REEI,27740897070,buy,9.21,101300,101300,0,2023-06-15 13:22:16.292982
REEI,91447825345,buy,9.21,1646900,1646900,0,2023-06-15 13:40:59.524280
REEI,99547825924,buy,9.21,2100600,2100600,0,2023-06-15 10:24:49.722358
REEI,40203822261,buy,9.21,115100,115100,0,2023-06-15 10:53:05.471570
REEI,50596815499,buy,9.21,1859400,1859400,0,2023-06-15 14:23:19.149620
REEI,86019026911,buy,9.21,104900,104900,0,2023-06-15 10:59:18.819325
REEI,88792353988,buy,9.21,173300,173300,0,2023-06-15 11:07:16.084314
REEI,72111245156,buy,9.21,113100,113100,0,2023-06-15 10:35:35.123354
REEI,57270767875,buy,9.21,1072700,1072700,0,2023-06-15 14:08:51.926072
REEI,65659043523,buy,9.21,120900,120900,0,2023-06-15 14:20:54.071489
REEI,74013811049,buy,9.21,96400,96400,0,2023-06-15 14:36:01.829378
REEI,92594586139,buy,9.21,52400,113400,61000,2023-06-15 14:45:58.589882
REEI,30604753018,sell,9.21,71800,71800,0,2023-06-15 09:49:53.852262
REEI,ZYF,sell,9.21,71800,71800,0,2023-06-15 09:56:56.501964
REEI,42819824470,sell,9.21,60100,60100,0,2023-06-15 13:30:25.096951
REEI,ZYF,sell,9.21,60100,60100,0,2023-06-15 14:33:40.696834
REEI,ZYF,sell,9.21,68800,68800,0,2023-06-15 10:12:55.390845
REEI,24026501706,sell,9.21,68800,68800,0,2023-06-15 13:02:02.711917
REEI,77081705687,sell,9.21,575000,575000,0,2023-06-15 09:33:45.388270
REEI,ZYF,sell,9.21,575000,575000,0,2023-06-15 10:29:46.202379
REEI,95334397009,sell,9.21,708400,708400,0,2023-06-15 10:30:03.287724
REEI,ZYF,sell,9.21,708400,708400,0,2023-06-15 14:48:05.970641
REEI,ZYF,sell,9.21,297300,297300,0,2023-06-15 10:14:09.252133
REEI,80109027149,sell,9.21,297300,297300,0,2023-06-15 13:16:42.819525
REEI,ZYF,sell,9.21,64300,64300,0,2023-06-15 09:31:23.017516
REEI,98338614723,sell,9.21,64300,64300,0,2023-06-15 14:27:21.565325
REEI,ZYF,sell,9.21,104600,104600,0,2023-06-15 11:22:50.214822
REEI,13726502735,sell,9.21,104600,104600,0,2023-06-15 14:23:18.669625
REEI,ZYF,sell,9.21,73500,73500,0,2023-06-15 14:01:26.745174
REEI,24473730972,sell,9.21,73500,73500,0,2023-06-15 14:55:40.046034
REEI,ZYF,sell,9.21,113700,113700,0,2023-06-15 09:40:38.120899
REEI,21211633581,sell,9.21,113700,113700,0,2023-06-15 13:54:42.393184
REEI,24449518783,sell,9.21,65600,65600,0,2023-06-15 13:24:22.486353
REEI,ZYF,sell,9.21,65600,65600,0,2023-06-15 14:33:03.238821
REEI,ZYF,sell,9.21,734700,734700,0,2023-06-15 10:00:51.585159
REEI,44164147418,sell,9.21,734700,734700,0,2023-06-15 13:43:42.243167
REEI,ZYF,sell,9.21,52000,52000,0,2023-06-15 13:55:08.860450
REEI,91250121016,sell,9.21,52000,52000,0,2023-06-15 14:53:20.531188
REEI,29853738887,sell,9.21,625100,625100,0,2023-06-15 09:42:58.943673
REEI,ZYF,sell,9.21,625100,625100,0,2023-06-15 14:19:50.316034
REEI,ZYF,sell,9.21,697400,697400,0,2023-06-15 10:39:24.629875
REEI,79578756816,sell,9.21,697400,697400,0,2023-06-15 13:43:54.990444
REEI,ZYF,sell,9.21,58800,58800,0,2023-06-15 09:31:42.499951
REEI,21491613921,sell,9.21,58800,58800,0,2023-06-15 10:39:39.312257
REEI,ZYF,sell,9.21,71400,71400,0,2023-06-15 11:04:29.932323
REEI,54686449083,sell,9.21,71400,71400,0,2023-06-15 13:50:23.604412
REEI,20654184899,sell,9.21,69700,69700,0,2023-06-15 13:24:07.512922
REEI,ZYF,sell,9.21,69700,69700,0,2023-06-15 13:38:38.352531
REEI,ZYF,sell,9.21,67100,67100,0,2023-06-15 10:17:48.528352
REEI,39616304277,sell,9.21,67100,67100,0,2023-06-15 14:16:03.731907
REEI,98999729226,sell,9.21,65700,65700,0,2023-06-15 10:40:25.233903
REEI,ZYF,sell,9.21,65700,65700,0,2023-06-15 13:21:30.182459
REEI,ZYF,sell,9.21,74200,74200,0,2023-06-15 09:31:21.755403
REEI,ZYF,sell,9.21,1060100,1060100,0,2023-06-15 09:58:13.118500
REEI,67962836898,sell,9.21,1060100,1060100,0,2023-06-15 10:52:14.000837
REEI,49936240218,sell,9.21,74200,74200,0,2023-06-15 13:36:18.413583
REEI,25367177125,sell,9.21,158700,158700,0,2023-06-15 09:30:13.645451
REEI,ZYF,sell,9.21,681700,681700,0,2023-06-15 11:27:51.942448
REEI,ZYF,sell,9.21,158700,158700,0,2023-06-15 13:58:10.860441
REEI,96675000715,sell,9.21,681700,681700,0,2023-06-15 14:35:28.696524
REEI,ZYF,sell,9.21,60800,60800,0,2023-06-15 09:44:54.124344
REEI,83445171136,sell,9.21,60800,60800,0,2023-06-15 14:19:09.401882
REEI,ZYF,sell,9.21,545600,545600,0,2023-06-15 09:51:26.920936
REEI,85335999473,sell,9.21,62300,62300,0,2023-06-15 10:23:20.705309
REEI,ZYF,sell,9.21,68700,68700,0,2023-06-15 11:04:39.013260
REEI,25142120538,sell,9.21,627100,627100,0,2023-06-15 11:05:00.061527
REEI,ZYF,sell,9.21,68100,68100,0,2023-06-15 13:08:11.283210
REEI,70852751519,sell,9.21,68700,68700,0,2023-06-15 13:11:28.003866
REEI,ZYF,sell,9.21,627100,627100,0,2023-06-15 13:12:45.613757
REEI,ZYF,sell,9.21,62300,62300,0,2023-06-15 13:13:46.944871
REEI,27850932568,sell,9.21,545600,545600,0,2023-06-15 13:15:54.532566
REEI,81654383732,sell,9.21,68100,68100,0,2023-06-15 13:40:36.011824
REEI,40232921379,sell,9.21,65400,65400,0,2023-06-15 11:08:31.937490
REEI,ZYF,sell,9.21,65400,65400,0,2023-06-15 14:19:34.494631
REEI,ZYF,sell,9.21,47800,47800,0,2023-06-15 13:43:19.291846
REEI,21457572365,sell,9.21,47800,47800,0,2023-06-15 13:54:33.842957
REEI,86789433459,sell,9.21,1341100,1341100,0,2023-06-15 10:26:30.680311
REEI,ZYF,sell,9.21,57600,57600,0,2023-06-15 13:08:46.845992
REEI,ZYF,sell,9.21,1341100,1341100,0,2023-06-15 14:18:40.708400
REEI,16704257100,sell,9.21,57600,57600,0,2023-06-15 14:28:37.935973
REEI,24063664460,sell,9.21,1071500,1071500,0,2023-06-15 09:51:35.448245
REEI,ZYF,sell,9.21,1071500,1071500,0,2023-06-15 11:29:35.832629
REEI,ZYF,sell,9.21,66900,66900,0,2023-06-15 09:44:32.488889
REEI,74109258330,sell,9.21,66900,66900,0,2023-06-15 10:26:44.360499
REEI,ZYF,sell,9.21,62200,62200,0,2023-06-15 10:54:32.188695
REEI,78069100165,sell,9.21,30300,30300,0,2023-06-15 11:11:13.425186
REEI,75011303082,sell,9.21,62200,62200,0,2023-06-15 14:09:15.049580
REEI,ZYF,sell,9.21,30300,30300,0,2023-06-15 14:54:28.756200
REEI,38148256016,sell,9.21,63700,63700,0,2023-06-15 10:25:15.467363
REEI,ZYF,sell,9.21,65900,65900,0,2023-06-15 11:11:35.386779
REEI,72114913291,sell,9.21,65900,65900,0,2023-06-15 13:59:13.063244
REEI,ZYF,sell,9.21,63700,63700,0,2023-06-15 14:16:36.393248
REEI,42068891963,sell,9.21,55000,55000,0,2023-06-15 10:20:12.822045
REEI,ZYF,sell,9.21,55000,55000,0,2023-06-15 13:10:42.218701
REEI,95075434792,sell,9.21,61800,61800,0,2023-06-15 09:53:53.357423
REEI,ZYF,sell,9.21,16800,16800,0,2023-06-15 10:07:01.558451
REEI,88166001054,sell,9.21,40500,40500,0,2023-06-15 10:32:45.138001
REEI,76073515850,sell,9.21,1007700,1007700,0,2023-06-15 10:41:59.210363
REEI,71527145805,sell,9.21,16800,16800,0,2023-06-15 13:29:09.305160
REEI,ZYF,sell,9.21,40500,40500,0,2023-06-15 13:33:23.936102
REEI,ZYF,sell,9.21,1007700,1007700,0,2023-06-15 13:53:48.749101
REEI,ZYF,sell,9.21,61800,61800,0,2023-06-15 14:39:46.821755
REEI,ZYF,sell,9.21,61900,61900,0,2023-06-15 14:50:11.709718
REEI,33749400508,sell,9.21,61900,61900,0,2023-06-15 14:57:02.608895
REEI,30579658334,sell,9.21,86500,86500,0,2023-06-15 11:08:42.810499
REEI,ZYF,sell,9.21,86500,86500,0,2023-06-15 14:59:36.204367
TTEI,82371105112,buy,14.59,129300,129300,0,2023-06-15 13:53:10.135980
TTEI,68009423543,buy,14.59,107000,107000,0,2023-06-15 14:01:34.273551
TTEI,74272079145,buy,14.59,31900,31900,0,2023-06-15 10:41:52.457288
TTEI,17024940274,buy,14.59,111900,111900,0,2023-06-15 13:41:35.730878
TTEI,41916957633,buy,14.59,142200,142200,0,2023-06-15 10:43:48.998723
TTEI,19253141723,buy,14.59,32700,32700,0,2023-06-15 13:07:46.202837
TTEI,17692596259,buy,14.59,460500,460500,0,2023-06-15 14:31:15.170986
TTEI,53831601032,buy,14.59,585800,585800,0,2023-06-15 10:40:13.523778
TTEI,39222714950,buy,14.59,657600,657600,0,2023-06-15 13:09:42.310937
TTEI,86615924053,buy,14.59,64100,64100,0,2023-06-15 14:50:48.151295
TTEI,25823641850,buy,14.59,96800,96800,0,2023-06-15 14:37:56.765228
TTEI,68493791533,buy,14.59,59400,59400,0,2023-06-15 10:44:20.761005
TTEI,95757403205,buy,14.59,1210000,1210000,0,2023-06-15 14:40:54.768091
TTEI,16275556134,buy,14.59,1257000,1257000,0,2023-06-15 14:28:26.856171
TTEI,25109296217,buy,14.59,67200,67200,0,2023-06-15 11:27:43.566658
TTEI,39538548245,buy,14.59,67800,67800,0,2023-06-15 13:17:35.039058
TTEI,79416432148,buy,14.59,111700,111700,0,2023-06-15 14:27:57.134980
TTEI,91912239216,buy,14.59,690700,690700,0,2023-06-15 14:15:41.528695
TTEI,57084675700,sell,14.59,762500,762500,0,2023-06-15 10:07:47.415218
TTEI,74533333826,sell,14.59,77100,77100,0,2023-06-15 13:56:37.162668
TTEI,38946804573,sell,14.59,71300,71300,0,2023-06-15 11:10:18.146758
TTEI,16606520367,sell,14.59,87000,87000,0,2023-06-15 13:25:34.499479
TTEI,84310833175,sell,14.59,1924400,1924400,0,2023-06-15 11:07:22.849710
TTEI,69768295193,sell,14.59,681100,681100,0,2023-06-15 10:29:56.446998
TTEI,33994407386,sell,14.59,72700,72700,0,2023-06-15 10:05:26.049264
TTEI,37691840152,sell,14.59,709900,709900,0,2023-06-15 10:09:15.235229
TTEI,32033055242,sell,14.59,84100,84100,0,2023-06-15 10:01:30.673890
TTEI,52713474608,sell,14.59,706600,706600,0,2023-06-15 13:39:29.818563
TTEI,10164529319,sell,14.59,112800,112800,0,2023-06-15 14:33:20.935334
TTEI,73040985049,sell,14.59,594100,736800,142700,2023-06-15 14:04:13.871912
CPEI,74109258330,buy,10.67,53200,53200,0,2023-06-15 13:48:26.899151
CPEI,73264505917,buy,10.67,523100,523100,0,2023-06-15 10:51:11.504354
CPEI,81654383732,buy,10.67,85900,85900,0,2023-06-15 13:22:43.966863
CPEI,90835889671,buy,10.67,51800,51800,0,2023-06-15 13:52:07.137626
CPEI,70505133093,buy,10.67,923800,923800,0,2023-06-15 10:45:42.186903
CPEI,22665754025,buy,10.67,139500,139500,0,2023-06-15 10:58:20.713938
CPEI,67962836898,buy,10.67,865800,865800,0,2023-06-15 10:53:29.251742
CPEI,23098749401,buy,10.67,900100,900100,0,2023-06-15 11:09:54.195371
CPEI,21328519286,buy,10.67,88400,88400,0,2023-06-15 11:22:14.538476
CPEI,44271047399,buy,10.67,95500,95500,0,2023-06-15 10:19:26.904871
CPEI,25452798143,buy,10.67,52300,52300,0,2023-06-15 13:03:23.668462
CPEI,25453898200,buy,10.67,54600,54600,0,2023-06-15 14:22:45.219052
CPEI,23361455402,buy,10.67,1685000,1685000,0,2023-06-15 14:49:56.574644
CPEI,15394414297,buy,10.67,91700,91700,0,2023-06-15 10:52:27.923108
CPEI,71094896793,buy,10.67,100500,100500,0,2023-06-15 10:54:26.437510
CPEI,65174337264,buy,10.67,926500,926500,0,2023-06-15 13:35:17.918268
CPEI,96178085938,buy,10.67,53600,53600,0,2023-06-15 11:07:33.867049
CPEI,46519177978,buy,10.67,88600,88600,0,2023-06-15 13:54:33.956902
CPEI,86154983458,buy,10.67,60300,60300,0,2023-06-15 14:42:27.802408
CPEI,27673056119,buy,10.67,88400,88400,0,2023-06-15 14:00:11.134811
CPEI,99357860114,buy,10.67,89600,89600,0,2023-06-15 13:17:51.406589
CPEI,24270365556,buy,10.67,53200,53200,0,2023-06-15 10:49:23.535150
CPEI,92638060217,buy,10.67,77200,77200,0,2023-06-15 14:26:13.932793
CPEI,36514505064,buy,10.67,95900,95900,0,2023-06-15 10:36:57.171875
CPEI,96110050012,buy,10.67,51000,51000,0,2023-06-15 10:45:17.543610
CPEI,70494484825,buy,10.67,46400,46400,0,2023-06-15 13:23:44.717427
CPEI,74533333826,buy,10.67,100900,100900,0,2023-06-15 14:35:37.494874
CPEI,82254645314,buy,10.67,92700,92700,0,2023-06-15 14:07:37.119463
CPEI,95334397009,buy,10.67,551800,551800,0,2023-06-15 14:20:32.325169
CPEI,92594586139,buy,10.67,58700,58700,0,2023-06-15 10:28:12.213618
CPEI,99360887564,buy,10.67,53400,53400,0,2023-06-15 11:06:08.715275
CPEI,84223796359,buy,10.67,190100,190100,0,2023-06-15 11:18:19.046846
CPEI,39135151259,buy,10.67,55400,55400,0,2023-06-15 14:41:15.724505
CPEI,22755586181,buy,10.67,89500,89500,0,2023-06-15 14:55:52.953745
CPEI,72450088251,buy,10.67,535800,535800,0,2023-06-15 11:05:36.932428
CPEI,91011433015,buy,10.67,48300,48300,0,2023-06-15 10:32:12.379144
CPEI,68729481551,buy,10.67,48200,48200,0,2023-06-15 13:26:33.462114
CPEI,71289594571,buy,10.67,56200,56200,0,2023-06-15 10:35:30.183614
CPEI,16704257100,buy,10.67,55700,55700,0,2023-06-15 13:04:12.751521
CPEI,40232921379,buy,10.67,53300,53300,0,2023-06-15 14:29:11.418139
CPEI,19138803449,buy,10.67,55400,55400,0,2023-06-15 10:34:37.194546
CPEI,91900676843,buy,10.67,118900,118900,0,2023-06-15 09:49:19.692478
CPEI,46175951711,buy,10.67,59000,59000,0,2023-06-15 10:35:05.740852
CPEI,83965392369,buy,10.67,78200,78200,0,2023-06-15 14:33:35.997789
CPEI,26664066972,buy,10.67,55200,55200,0,2023-06-15 11:26:39.175358
CPEI,70182749572,buy,10.67,62500,62500,0,2023-06-15 13:44:40.355671
CPEI,83879940631,buy,10.67,48600,48600,0,2023-06-15 11:28:43.765546
CPEI,17054827039,buy,10.67,85200,85200,0,2023-06-15 14:59:20.971609
CPEI,65332635175,buy,10.67,55500,55500,0,2023-06-15 13:29:36.913188
CPEI,58754900990,buy,10.67,53000,53000,0,2023-06-15 14:10:06.546452
CPEI,27707247795,buy,10.67,56200,56200,0,2023-06-15 14:25:46.686119
CPEI,41568039525,buy,10.67,56100,56100,0,2023-06-15 14:27:32.034680
CPEI,19523927125,buy,10.67,55500,55500,0,2023-06-15 09:42:34.592024
CPEI,24449518783,buy,10.67,84600,84600,0,2023-06-15 10:56:55.087059
CPEI,24851289363,buy,10.67,186700,186700,0,2023-06-15 10:07:22.934006
CPEI,53464880944,buy,10.67,58300,58300,0,2023-06-15 10:23:03.072426
CPEI,58968364993,buy,10.67,932000,932000,0,2023-06-15 13:00:09.057984
CPEI,91857796008,buy,10.67,49300,49300,0,2023-06-15 13:40:16.570399
CPEI,93531157884,buy,10.67,56000,56000,0,2023-06-15 14:19:19.717940
CPEI,71310526591,buy,10.67,95800,95800,0,2023-06-15 14:54:54.905063
CPEI,71178502526,buy,10.67,90900,90900,0,2023-06-15 10:13:12.765228
CPEI,18112277402,buy,10.67,56600,56600,0,2023-06-15 13:06:03.560945
CPEI,22216456756,buy,10.67,58800,58800,0,2023-06-15 13:24:08.952981
CPEI,63508321929,buy,10.67,100900,100900,0,2023-06-15 14:14:51.686393
CPEI,92717743615,buy,10.67,54700,54700,0,2023-06-15 10:55:12.221976
CPEI,60504743839,buy,10.67,84200,84200,0,2023-06-15 13:32:47.120088
CPEI,78233375206,buy,10.67,539200,539200,0,2023-06-15 10:15:33.324189
CPEI,92816541204,buy,10.67,3200,52800,49600,2023-06-15 10:54:22.824131
CPEI,67986090156,sell,10.67,104600,104600,0,2023-06-15 14:24:03.381725
CPEI,94780611882,sell,10.67,55600,55600,0,2023-06-15 13:00:07.380046
CPEI,59962187984,sell,10.67,103500,103500,0,2023-06-15 14:23:59.346886
CPEI,39881448338,sell,10.67,102500,102500,0,2023-06-15 10:40:17.255869
CPEI,95689374416,sell,10.67,96000,96000,0,2023-06-15 14:07:09.544467
CPEI,73969189969,sell,10.67,944700,944700,0,2023-06-15 13:49:38.623660
CPEI,42223279783,sell,10.67,102500,102500,0,2023-06-15 14:48:12.538696
CPEI,58186379286,sell,10.67,48800,48800,0,2023-06-15 14:08:36.974847
CPEI,68493791533,sell,10.67,76800,76800,0,2023-06-15 09:51:50.836279
CPEI,50147786984,sell,10.67,516800,516800,0,2023-06-15 14:37:12.690869
CPEI,17568198236,sell,10.67,99400,99400,0,2023-06-15 14:51:52.198227
CPEI,98647827290,sell,10.67,957600,957600,0,2023-06-15 11:10:58.901073
CPEI,36688478955,sell,10.67,97000,97000,0,2023-06-15 10:19:57.276761
CPEI,88237060993,sell,10.67,53800,53800,0,2023-06-15 10:31:07.607845
CPEI,82947731910,sell,10.67,40800,40800,0,2023-06-15 13:22:40.073400
CPEI,46210084986,sell,10.67,47500,47500,0,2023-06-15 14:46:59.495963
CPEI,56684963926,sell,10.67,95300,95300,0,2023-06-15 10:38:33.438466
CPEI,80554105020,sell,10.67,71100,71100,0,2023-06-15 14:10:22.479373
CPEI,75651431204,sell,10.67,1020600,1020600,0,2023-06-15 09:30:35.060512
CPEI,26259104471,sell,10.67,773200,773200,0,2023-06-15 10:51:46.207388
CPEI,43428923097,sell,10.67,99100,99100,0,2023-06-15 13:02:01.251248
CPEI,12223120086,sell,10.67,999700,999700,0,2023-06-15 14:51:06.063923
CPEI,42388639808,sell,10.67,197900,197900,0,2023-06-15 09:33:36.552772
CPEI,30123951506,sell,10.67,94800,94800,0,2023-06-15 11:25:25.991022
CPEI,85646402456,sell,10.67,99000,99000,0,2023-06-15 14:42:25.659142
CPEI,17692596259,sell,10.67,885000,885000,0,2023-06-15 09:52:57.702782
CPEI,98901038804,sell,10.67,100300,100300,0,2023-06-15 13:02:26.332127
CPEI,39638094206,sell,10.67,1948800,1948800,0,2023-06-15 14:20:34.785969
CPEI,13807252320,sell,10.67,38500,38500,0,2023-06-15 14:16:54.530213
CPEI,25656576619,sell,10.67,1842400,1842400,0,2023-06-15 14:31:17.919480
CPEI,58287828694,sell,10.67,908800,908800,0,2023-06-15 10:32:08.189570
IEEI,74502969810,buy,11.0,57000,57000,0,2023-06-15 11:25:06.456478
IEEI,38946804573,buy,11.0,86900,86900,0,2023-06-15 10:26:01.827436
IEEI,81728979997,buy,11.0,60100,60100,0,2023-06-15 09:53:36.778275
IEEI,80879390363,buy,11.0,1472000,1472000,0,2023-06-15 10:14:17.031484
IEEI,57737685178,buy,11.0,565300,565300,0,2023-06-15 13:16:32.128594
IEEI,58976630584,buy,11.0,90800,90800,0,2023-06-15 10:42:33.096557
IEEI,92156654766,buy,11.0,1371600,1371600,0,2023-06-15 14:38:52.481644
IEEI,38030669385,buy,11.0,934000,934000,0,2023-06-15 10:04:13.797255
IEEI,79233871795,buy,11.0,74600,74600,0,2023-06-15 13:06:46.199969
IEEI,93723896498,buy,11.0,1103100,1103100,0,2023-06-15 13:14:54.413582
IEEI,34584060674,buy,11.0,111000,111000,0,2023-06-15 14:44:22.357015
IEEI,86769028143,buy,11.0,100500,100500,0,2023-06-15 11:23:32.007416
IEEI,19746182998,buy,11.0,859200,859200,0,2023-06-15 09:58:25.945656
IEEI,20626437040,buy,11.0,91500,91500,0,2023-06-15 11:24:13.021744
IEEI,70182749572,buy,11.0,66000,66000,0,2023-06-15 13:31:09.750722
IEEI,70421281290,buy,11.0,171300,171300,0,2023-06-15 14:29:25.296341
IEEI,92873967192,buy,11.0,55500,55500,0,2023-06-15 09:49:50.342206
IEEI,51680020844,buy,11.0,87600,87600,0,2023-06-15 11:02:20.721910
IEEI,50612886170,buy,11.0,59800,59800,0,2023-06-15 10:08:50.131637
IEEI,10795720105,buy,11.0,57200,57200,0,2023-06-15 10:13:24.005836
IEEI,58287828694,buy,11.0,855800,855800,0,2023-06-15 10:57:17.904010
IEEI,13502770246,buy,11.0,1509900,1509900,0,2023-06-15 10:42:51.912947
IEEI,46409630207,buy,11.0,38300,38300,0,2023-06-15 13:26:25.598721
IEEI,94689336944,buy,11.0,93200,93200,0,2023-06-15 14:29:46.418432
IEEI,85916747791,buy,11.0,59400,59400,0,2023-06-15 13:54:37.414896
IEEI,85362876838,buy,11.0,50600,50600,0,2023-06-15 09:34:14.301738
IEEI,26664066972,buy,11.0,59100,59100,0,2023-06-15 10:56:59.703621
IEEI,42124384526,buy,11.0,250500,250500,0,2023-06-15 09:40:40.300823
IEEI,18112277402,buy,11.0,60100,60100,0,2023-06-15 13:05:32.325081
IEEI,94533000623,buy,11.0,168500,168500,0,2023-06-15 09:43:28.858126
IEEI,59350711972,buy,11.0,44800,44800,0,2023-06-15 09:46:43.697430
IEEI,24570243197,buy,11.0,62800,62800,0,2023-06-15 09:57:02.770005
IEEI,51118232797,buy,11.0,136500,136500,0,2023-06-15 10:11:31.101152
IEEI,52519967504,buy,11.0,193900,193900,0,2023-06-15 13:09:38.504505
IEEI,38230792749,buy,11.0,60900,60900,0,2023-06-15 13:35:48.523307
IEEI,80109027149,buy,11.0,861600,861600,0,2023-06-15 10:55:19.466410
IEEI,92435351068,buy,11.0,569300,569300,0,2023-06-15 11:02:49.461427
IEEI,91277218944,buy,11.0,198100,198100,0,2023-06-15 13:10:33.488247
IEEI,57427282148,buy,11.0,85700,85700,0,2023-06-15 13:52:13.903926
IEEI,43397760958,buy,11.0,937900,937900,0,2023-06-15 14:37:33.249713
IEEI,24473730972,buy,11.0,63500,63500,0,2023-06-15 09:32:22.868722
IEEI,91408376139,buy,11.0,97400,97400,0,2023-06-15 10:03:43.207748
IEEI,52005499653,buy,11.0,80300,80300,0,2023-06-15 10:41:40.799529
IEEI,33116914878,buy,11.0,239900,239900,0,2023-06-15 10:48:27.748881
IEEI,14065196934,buy,11.0,56900,56900,0,2023-06-15 13:48:49.141871
IEEI,81366442398,buy,11.0,58800,58800,0,2023-06-15 10:19:29.376309
IEEI,22216456756,buy,11.0,63000,63000,0,2023-06-15 10:28:28.811316
IEEI,23293203471,buy,11.0,94700,94700,0,2023-06-15 11:04:17.466868
IEEI,11899768841,buy,11.0,93300,93300,0,2023-06-15 10:34:40.247710
IEEI,18045521502,buy,11.0,1132000,1132000,0,2023-06-15 10:38:36.091665
IEEI,66139522164,buy,11.0,178900,178900,0,2023-06-15 10:45:24.532964
IEEI,26663101742,buy,11.0,88600,88600,0,2023-06-15 11:23:29.445304
IEEI,98005385043,buy,11.0,72300,72300,0,2023-06-15 13:14:28.884762
IEEI,37296492198,buy,11.0,94600,94600,0,2023-06-15 10:32:49.673870
IEEI,96570965461,buy,11.0,60900,60900,0,2023-06-15 13:37:12.972457
IEEI,16428179942,buy,11.0,1003900,1003900,0,2023-06-15 14:00:02.591921
IEEI,83274559462,buy,11.0,1953900,1953900,0,2023-06-15 14:39:08.493014
IEEI,83071271966,buy,11.0,547500,547500,0,2023-06-15 10:17:05.084480
IEEI,94925574709,buy,11.0,910500,910500,0,2023-06-15 14:57:32.377964
IEEI,78787227227,buy,11.0,122000,122000,0,2023-06-15 11:17:42.236146
IEEI,39638094206,buy,11.0,1400800,1400800,0,2023-06-15 13:12:44.338276
IEEI,78710723893,buy,11.0,900300,900300,0,2023-06-15 10:16:40.250081
IEEI,72803097152,buy,11.0,384600,384600,0,2023-06-15 11:19:55.125526
IEEI,88712616710,buy,11.0,97500,97500,0,2023-06-15 14:51:33.341266
IEEI,13525233782,buy,11.0,613900,613900,0,2023-06-15 10:06:46.249239
IEEI,39219775221,buy,11.0,58100,58100,0,2023-06-15 10:16:31.995476
IEEI,36581230776,buy,11.0,255700,255700,0,2023-06-15 13:36:07.925215
IEEI,86154983458,buy,11.0,66700,66700,0,2023-06-15 13:47:36.620986
IEEI,39131281454,buy,11.0,84600,84600,0,2023-06-15 14:22:18.901397
IEEI,72111245156,buy,11.0,64200,64200,0,2023-06-15 14:42:19.112394
IEEI,86755953901,buy,11.0,40100,40100,0,2023-06-15 10:06:42.297286
IEEI,32613979876,buy,11.0,61100,61100,0,2023-06-15 14:31:00.167704
IEEI,15859559463,buy,11.0,100200,101600,1400,2023-06-15 10:11:06.796747
IEEI,ZYF,sell,11.0,41900,41900,0,2023-06-15 09:53:36.601333
IEEI,29665345618,sell,11.0,41900,41900,0,2023-06-15 10:41:43.512488
IEEI,ZYF,sell,11.0,41900,41900,0,2023-06-15 14:35:45.544160
IEEI,ZYF,sell,11.0,107600,107600,0,2023-06-15 09:36:08.756565
IEEI,ZYF,sell,11.0,112200,112200,0,2023-06-15 09:46:25.768899
IEEI,44219729413,sell,11.0,112200,112200,0,2023-06-15 10:04:55.248584
IEEI,ZYF,sell,11.0,107600,107600,0,2023-06-15 10:31:09.636547
IEEI,ZYF,sell,11.0,112200,112200,0,2023-06-15 13:23:40.610210
IEEI,57612414987,sell,11.0,107600,107600,0,2023-06-15 14:13:16.128223
IEEI,39616304277,sell,11.0,39400,39400,0,2023-06-15 13:57:51.847147
IEEI,ZYF,sell,11.0,39400,39400,0,2023-06-15 14:28:46.749889
IEEI,ZYF,sell,11.0,39400,39400,0,2023-06-15 14:29:05.154320
IEEI,10495757594,sell,11.0,36600,36600,0,2023-06-15 13:12:42.168362
IEEI,ZYF,sell,11.0,36600,36600,0,2023-06-15 13:35:10.756712
IEEI,ZYF,sell,11.0,36600,36600,0,2023-06-15 14:29:55.433880
IEEI,19253141723,sell,11.0,95300,95300,0,2023-06-15 09:46:58.107392
IEEI,ZYF,sell,11.0,95300,95300,0,2023-06-15 09:56:50.130986
IEEI,ZYF,sell,11.0,95300,95300,0,2023-06-15 11:24:08.027932
IEEI,75680675866,sell,11.0,37700,37700,0,2023-06-15 11:16:02.178663
IEEI,ZYF,sell,11.0,37700,37700,0,2023-06-15 13:15:51.857886
IEEI,ZYF,sell,11.0,37700,37700,0,2023-06-15 14:32:09.696530
IEEI,10479479185,sell,11.0,97900,97900,0,2023-06-15 10:22:25.071592
IEEI,ZYF,sell,11.0,97900,97900,0,2023-06-15 14:06:35.899429
IEEI,ZYF,sell,11.0,97900,97900,0,2023-06-15 14:59:38.657393
IEEI,ZYF,sell,11.0,39900,39900,0,2023-06-15 10:43:25.962796
IEEI,50519660324,sell,11.0,39900,39900,0,2023-06-15 13:03:57.757892
IEEI,ZYF,sell,11.0,39900,39900,0,2023-06-15 14:15:06.428799
IEEI,ZYF,sell,11.0,40000,40000,0,2023-06-15 11:26:09.777326
IEEI,ZYF,sell,11.0,40000,40000,0,2023-06-15 14:08:30.756201
IEEI,90259865166,sell,11.0,40000,40000,0,2023-06-15 14:22:57.214544
IEEI,65332635175,sell,11.0,39100,39100,0,2023-06-15 13:49:28.615968
IEEI,ZYF,sell,11.0,39100,39100,0,2023-06-15 14:04:16.062109
IEEI,ZYF,sell,11.0,39100,39100,0,2023-06-15 14:44:27.899450
IEEI,ZYF,sell,11.0,40200,40200,0,2023-06-15 09:33:55.464940
IEEI,93554005078,sell,11.0,40200,40200,0,2023-06-15 10:08:40.851892
IEEI,ZYF,sell,11.0,109900,109900,0,2023-06-15 10:11:09.085441
IEEI,ZYF,sell,11.0,40200,40200,0,2023-06-15 10:23:34.417938
IEEI,ZYF,sell,11.0,109900,109900,0,2023-06-15 13:56:42.060556
IEEI,19714912128,sell,11.0,109900,109900,0,2023-06-15 14:45:41.570857
IEEI,17054827039,sell,11.0,37500,37500,0,2023-06-15 09:32:38.181283
IEEI,ZYF,sell,11.0,1912100,1912100,0,2023-06-15 09:39:39.574608
IEEI,66143582095,sell,11.0,1912100,1912100,0,2023-06-15 10:44:51.331927
IEEI,ZYF,sell,11.0,37500,37500,0,2023-06-15 13:09:49.966260
IEEI,ZYF,sell,11.0,1912100,1912100,0,2023-06-15 14:02:23.417426
IEEI,ZYF,sell,11.0,37500,37500,0,2023-06-15 14:30:20.955120
IEEI,ZYF,sell,11.0,38900,38900,0,2023-06-15 10:44:02.658753
IEEI,ZYF,sell,11.0,96100,96100,0,2023-06-15 10:52:28.865540
IEEI,25928837590,sell,11.0,96100,96100,0,2023-06-15 10:53:45.809235
IEEI,27769202330,sell,11.0,38900,38900,0,2023-06-15 11:22:54.392178
IEEI,ZYF,sell,11.0,96100,96100,0,2023-06-15 13:13:19.677916
IEEI,ZYF,sell,11.0,38900,38900,0,2023-06-15 13:42:26.423046
IEEI,71178502526,sell,11.0,19800,19800,0,2023-06-15 09:38:00.556522
IEEI,ZYF,sell,11.0,19800,19800,0,2023-06-15 10:55:01.188947
IEEI,ZYF,sell,11.0,19800,19800,0,2023-06-15 13:13:27.862821
IEEI,86019026911,sell,11.0,38300,38300,0,2023-06-15 13:11:11.040574
IEEI,ZYF,sell,11.0,38300,38300,0,2023-06-15 13:29:32.970238
IEEI,ZYF,sell,11.0,38300,38300,0,2023-06-15 14:41:02.940816
IEEI,95472966517,sell,11.0,40500,40500,0,2023-06-15 09:39:31.818575
IEEI,ZYF,sell,11.0,40500,40500,0,2023-06-15 10:22:09.493948
IEEI,96178085938,sell,11.0,38100,38100,0,2023-06-15 10:42:20.713521
IEEI,ZYF,sell,11.0,38100,38100,0,2023-06-15 11:00:43.699912
IEEI,ZYF,sell,11.0,40500,40500,0,2023-06-15 13:51:16.433921
IEEI,ZYF,sell,11.0,38100,38100,0,2023-06-15 14:19:49.135868
IEEI,ZYF,sell,11.0,14100,14100,0,2023-06-15 13:02:32.233665
IEEI,87608653984,sell,11.0,14100,14100,0,2023-06-15 13:06:30.534937
IEEI,ZYF,sell,11.0,14100,14100,0,2023-06-15 13:33:25.748618
IEEI,ZYF,sell,11.0,37600,37600,0,2023-06-15 09:57:46.852421
IEEI,ZYF,sell,11.0,35700,35700,0,2023-06-15 10:49:51.734528
IEEI,51775463347,sell,11.0,144400,144400,0,2023-06-15 10:54:59.195934
IEEI,ZYF,sell,11.0,39000,39000,0,2023-06-15 11:13:47.402018
IEEI,ZYF,sell,11.0,144400,144400,0,2023-06-15 11:17:37.601953
IEEI,41568039525,sell,11.0,39000,39000,0,2023-06-15 13:06:27.012954
IEEI,ZYF,sell,11.0,144400,144400,0,2023-06-15 14:19:35.027053
IEEI,ZYF,sell,11.0,39000,39000,0,2023-06-15 14:29:58.642390
IEEI,38806758301,sell,11.0,37600,37600,0,2023-06-15 14:32:56.793046
IEEI,ZYF,sell,11.0,37600,37600,0,2023-06-15 14:37:58.913811
IEEI,98338614723,sell,11.0,35700,35700,0,2023-06-15 14:41:45.553830
IEEI,ZYF,sell,11.0,35700,35700,0,2023-06-15 14:50:54.208279
IEEI,27740897070,sell,11.0,36900,36900,0,2023-06-15 10:01:44.421922
IEEI,ZYF,sell,11.0,36900,36900,0,2023-06-15 11:23:13.120494
IEEI,ZYF,sell,11.0,36900,36900,0,2023-06-15 14:15:05.549456
IEEI,ZYF,sell,11.0,38900,38900,0,2023-06-15 09:47:12.860894
IEEI,16704257100,sell,11.0,38900,38900,0,2023-06-15 13:21:56.328805
IEEI,ZYF,sell,11.0,38900,38900,0,2023-06-15 13:59:42.587326
IEEI,ZYF,sell,11.0,39000,39000,0,2023-06-15 10:08:14.948302
IEEI,85426173815,sell,11.0,39000,39000,0,2023-06-15 14:03:09.941142
IEEI,ZYF,sell,11.0,39000,39000,0,2023-06-15 14:08:16.187823
IEEI,60354129011,sell,11.0,39700,39700,0,2023-06-15 09:30:26.955145
IEEI,ZYF,sell,11.0,47400,47400,0,2023-06-15 09:49:16.582032
IEEI,53466786854,sell,11.0,47400,47400,0,2023-06-15 09:49:51.296814
IEEI,ZYF,sell,11.0,39700,39700,0,2023-06-15 13:02:17.916887
IEEI,ZYF,sell,11.0,47400,47400,0,2023-06-15 13:06:21.804763
IEEI,ZYF,sell,11.0,39700,39700,0,2023-06-15 14:13:58.430944
IEEI,ZYF,sell,11.0,37500,37500,0,2023-06-15 09:45:40.718536
IEEI,76149498058,sell,11.0,39900,39900,0,2023-06-15 09:48:21.356535
IEEI,ZYF,sell,11.0,38100,38100,0,2023-06-15 09:56:03.008875
IEEI,ZYF,sell,11.0,37500,37500,0,2023-06-15 10:19:08.875906
IEEI,ZYF,sell,11.0,39900,39900,0,2023-06-15 10:51:54.057556
IEEI,88595095940,sell,11.0,38100,38100,0,2023-06-15 13:05:43.077212
IEEI,ZYF,sell,11.0,98900,98900,0,2023-06-15 13:43:05.004950
IEEI,84712047480,sell,11.0,37500,37500,0,2023-06-15 13:43:49.948567
IEEI,ZYF,sell,11.0,98900,98900,0,2023-06-15 14:04:02.490785
IEEI,14636916508,sell,11.0,98900,98900,0,2023-06-15 14:20:44.242039
IEEI,ZYF,sell,11.0,38100,38100,0,2023-06-15 14:37:01.120428
IEEI,ZYF,sell,11.0,39900,39900,0,2023-06-15 14:43:56.322490
IEEI,ZYF,sell,11.0,38200,38200,0,2023-06-15 10:28:39.286325
IEEI,24758580989,sell,11.0,38200,38200,0,2023-06-15 11:02:09.809361
IEEI,ZYF,sell,11.0,1740000,1740000,0,2023-06-15 13:03:43.336541
IEEI,ZYF,sell,11.0,38200,38200,0,2023-06-15 13:08:37.673876
IEEI,73404605524,sell,11.0,1740000,1740000,0,2023-06-15 13:46:45.321329
IEEI,ZYF,sell,11.0,1740000,1740000,0,2023-06-15 14:11:10.990823
IEEI,ZYF,sell,11.0,31500,31500,0,2023-06-15 09:59:57.449549
IEEI,ZYF,sell,11.0,31500,31500,0,2023-06-15 10:13:03.280922
IEEI,84443154741,sell,11.0,108200,108200,0,2023-06-15 10:59:22.322911
IEEI,ZYF,sell,11.0,108200,108200,0,2023-06-15 11:00:25.478424
IEEI,ZYF,sell,11.0,108200,108200,0,2023-06-15 13:10:13.812720
IEEI,99782720273,sell,11.0,31500,31500,0,2023-06-15 13:49:19.286929
IEEI,70494484825,sell,11.0,92700,92700,0,2023-06-15 09:36:07.367131
IEEI,ZYF,sell,11.0,92700,92700,0,2023-06-15 13:01:05.891571
IEEI,ZYF,sell,11.0,92700,92700,0,2023-06-15 14:32:33.965297
IEEI,ZYF,sell,11.0,386400,386400,0,2023-06-15 09:45:51.441739
IEEI,71711251147,sell,11.0,386400,386400,0,2023-06-15 10:00:38.516353
IEEI,ZYF,sell,11.0,386400,386400,0,2023-06-15 11:12:28.442940
IEEI,97791372404,sell,11.0,37000,37000,0,2023-06-15 10:45:41.099636
IEEI,ZYF,sell,11.0,37000,37000,0,2023-06-15 13:10:00.124337
IEEI,ZYF,sell,11.0,37000,37000,0,2023-06-15 14:16:50.543322
IEEI,ZYF,sell,11.0,34500,34500,0,2023-06-15 13:30:54.503835
IEEI,74013811049,sell,11.0,34500,34500,0,2023-06-15 14:07:25.257756
IEEI,ZYF,sell,11.0,34500,34500,0,2023-06-15 14:10:28.721132
IEEI,ZYF,sell,11.0,36600,36600,0,2023-06-15 10:09:33.231112
IEEI,ZYF,sell,11.0,387400,387400,0,2023-06-15 10:09:33.745181
IEEI,93353037559,sell,11.0,387400,387400,0,2023-06-15 10:27:55.351480
IEEI,43665216872,sell,11.0,36600,36600,0,2023-06-15 11:23:59.844674
IEEI,ZYF,sell,11.0,36600,36600,0,2023-06-15 14:02:18.745101
IEEI,ZYF,sell,11.0,387400,387400,0,2023-06-15 14:51:35.144805
IEEI,ZYF,sell,11.0,39400,39400,0,2023-06-15 10:56:39.340366
IEEI,87150299760,sell,11.0,39400,39400,0,2023-06-15 13:08:23.143025
IEEI,ZYF,sell,11.0,39400,39400,0,2023-06-15 13:24:51.700650
IEEI,ZYF,sell,11.0,24900,24900,0,2023-06-15 09:30:03.675821
IEEI,ZYF,sell,11.0,957800,957800,0,2023-06-15 09:39:38.214780
IEEI,ZYF,sell,11.0,24900,24900,0,2023-06-15 10:05:00.611375
IEEI,ZYF,sell,11.0,957800,957800,0,2023-06-15 10:51:09.480073
IEEI,85003520857,sell,11.0,24900,24900,0,2023-06-15 11:24:21.004242
IEEI,29189324345,sell,11.0,957800,957800,0,2023-06-15 14:31:48.995066
IEEI,ZYF,sell,11.0,37900,37900,0,2023-06-15 10:22:17.214914
IEEI,ZYF,sell,11.0,37900,37900,0,2023-06-15 14:17:52.080012
IEEI,46471627785,sell,11.0,37900,37900,0,2023-06-15 14:58:44.950780
IEEI,ZYF,sell,11.0,45100,45100,0,2023-06-15 10:16:15.186387
IEEI,ZYF,sell,11.0,45100,45100,0,2023-06-15 11:02:35.017079
IEEI,56857900204,sell,11.0,45100,45100,0,2023-06-15 11:18:45.637529
IEEI,ZYF,sell,11.0,72600,72600,0,2023-06-15 11:24:23.716530
IEEI,18847317587,sell,11.0,72600,72600,0,2023-06-15 13:49:10.382203
IEEI,ZYF,sell,11.0,72600,72600,0,2023-06-15 14:37:52.944641
IEEI,ZYF,sell,11.0,389900,389900,0,2023-06-15 11:15:35.729628
IEEI,ZYF,sell,11.0,389900,389900,0,2023-06-15 11:21:12.115908
IEEI,59672596818,sell,11.0,389900,389900,0,2023-06-15 13:39:34.685255
IEEI,ZYF,sell,11.0,92600,92600,0,2023-06-15 10:04:49.189380
IEEI,ZYF,sell,11.0,5400,5400,0,2023-06-15 13:02:49.744783
IEEI,ZYF,sell,11.0,92600,92600,0,2023-06-15 13:11:37.628086
IEEI,ZYF,sell,11.0,5400,5400,0,2023-06-15 13:33:51.192271
IEEI,10969908370,sell,11.0,5400,5400,0,2023-06-15 14:24:49.443981
IEEI,52351177364,sell,11.0,92600,92600,0,2023-06-15 14:37:32.441089
TLEI,10479479185,buy,11.37,128400,128400,0,2023-06-15 13:23:04.699633
TLEI,63383523103,buy,11.37,3600,3600,0,2023-06-15 14:52:58.924362
TLEI,29842884662,buy,11.37,3900,3900,0,2023-06-15 09:49:23.052757
TLEI,26664066972,buy,11.37,3800,3800,0,2023-06-15 11:01:38.018252
TLEI,72330426129,buy,11.37,29700,29700,0,2023-06-15 11:22:22.096270
TLEI,16870676954,buy,11.37,85300,85300,0,2023-06-15 13:41:01.032587
TLEI,73545994958,buy,11.37,6100,6100,0,2023-06-15 10:32:35.742703
TLEI,96787987095,buy,11.37,3800,3800,0,2023-06-15 09:36:23.053896
TLEI,38690319298,buy,11.37,6600,6600,0,2023-06-15 09:32:30.641154
TLEI,50530652386,buy,11.37,772000,772000,0,2023-06-15 14:45:03.805020
TLEI,71711251147,buy,11.37,63300,63300,0,2023-06-15 10:55:35.570471
TLEI,74004437101,buy,11.37,35800,35800,0,2023-06-15 13:01:00.706267
TLEI,12230990767,buy,11.37,3600,3600,0,2023-06-15 14:00:02.748151
TLEI,21491613921,buy,11.37,5300,5300,0,2023-06-15 10:30:50.498574
TLEI,33306385742,buy,11.37,6100,6100,0,2023-06-15 14:06:43.516104
TLEI,69626925730,buy,11.37,3600,3600,0,2023-06-15 10:12:51.350093
TLEI,91250121016,buy,11.37,4700,4700,0,2023-06-15 14:37:02.932741
TLEI,48548594416,buy,11.37,58500,58500,0,2023-06-15 13:02:33.235765
TLEI,74214684111,buy,11.37,4100,4100,0,2023-06-15 13:03:21.677002
TLEI,42488589581,buy,11.37,6300,6300,0,2023-06-15 14:13:54.390694
TLEI,31754587017,buy,11.37,4100,4100,0,2023-06-15 10:56:16.993278
TLEI,72111245156,buy,11.37,4100,4100,0,2023-06-15 11:01:22.431924
TLEI,78233375206,buy,11.37,60900,60900,0,2023-06-15 13:17:10.135398
TLEI,75480377078,buy,11.37,3700,3700,0,2023-06-15 14:44:52.450710
TLEI,88595095940,buy,11.37,3900,3900,0,2023-06-15 09:35:32.526677
TLEI,92717743615,buy,11.37,6100,6100,0,2023-06-15 10:25:24.298630
TLEI,46471627785,buy,11.37,6300,6300,0,2023-06-15 14:19:49.250034
TLEI,86019026911,buy,11.37,3900,3900,0,2023-06-15 13:12:37.354862
TLEI,11571942616,buy,11.37,4100,4100,0,2023-06-15 10:10:52.457973
TLEI,81151766630,buy,11.37,407400,407400,0,2023-06-15 14:59:13.581361
TLEI,39616304277,buy,11.37,6200,6200,0,2023-06-15 09:31:15.615687
TLEI,72132298214,buy,11.37,3900,3900,0,2023-06-15 10:50:40.707423
TLEI,38806758301,buy,11.37,3800,3800,0,2023-06-15 14:52:26.901248
TLEI,93554005078,buy,11.37,6500,6500,0,2023-06-15 10:28:58.451114
TLEI,22756330076,buy,11.37,85400,85400,0,2023-06-15 09:38:37.706339
TLEI,98901038804,buy,11.37,133900,133900,0,2023-06-15 10:13:28.503700
TLEI,96570965461,buy,11.37,6400,6400,0,2023-06-15 10:14:38.989392
TLEI,26521257044,buy,11.37,5800,5800,0,2023-06-15 13:56:41.754714
TLEI,43838974176,buy,11.37,6800,6800,0,2023-06-15 10:27:44.065403
TLEI,55938490709,buy,11.37,1825200,1825200,0,2023-06-15 13:58:41.930425
TLEI,96939108814,buy,11.37,4100,4100,0,2023-06-15 13:58:28.852982
TLEI,56857900204,buy,11.37,85400,85400,0,2023-06-15 14:09:32.547780
TLEI,81883675464,buy,11.37,45600,45600,0,2023-06-15 09:45:32.658858
TLEI,74430384885,buy,11.37,836800,836800,0,2023-06-15 10:34:00.742381
TLEI,95334397009,buy,11.37,40000,40000,0,2023-06-15 13:41:18.414857
TLEI,24570243197,buy,11.37,6700,6700,0,2023-06-15 14:08:31.009262
TLEI,50612886170,buy,11.37,4000,4000,0,2023-06-15 09:31:58.194869
TLEI,68244278433,buy,11.37,6300,6300,0,2023-06-15 09:33:42.711901
TLEI,92638060217,buy,11.37,3400,3400,0,2023-06-15 11:02:09.360190
TLEI,29569671163,buy,11.37,125400,125400,0,2023-06-15 11:05:33.493399
TLEI,27604525631,buy,11.37,61100,61100,0,2023-06-15 14:59:09.700781
TLEI,42753676274,buy,11.37,4300,4300,0,2023-06-15 14:50:49.052687
TLEI,31797640038,buy,11.37,95600,95600,0,2023-06-15 09:34:10.452766
TLEI,25453898200,buy,11.37,6400,6400,0,2023-06-15 13:55:21.152121
TLEI,39219775221,buy,11.37,3800,3800,0,2023-06-15 10:15:27.776325
TLEI,69430868781,buy,11.37,3900,3900,0,2023-06-15 09:53:53.317852
TLEI,71289594571,buy,11.37,6500,6500,0,2023-06-15 11:26:54.192404
TLEI,70955778282,buy,11.37,38600,38600,0,2023-06-15 14:34:57.099778
TLEI,87315057647,buy,11.37,4200,4200,0,2023-06-15 14:50:17.138238
TLEI,18104547745,buy,11.37,49800,49800,0,2023-06-15 10:07:45.519125
TLEI,18847317587,buy,11.37,81700,81700,0,2023-06-15 10:13:38.197905
TLEI,59255167650,buy,11.37,6400,6400,0,2023-06-15 10:39:39.804115
TLEI,83247944988,buy,11.37,37500,37500,0,2023-06-15 14:07:17.218801
TLEI,96675000715,buy,11.37,64900,64900,0,2023-06-15 10:06:02.764427
TLEI,66139522164,buy,11.37,43500,43500,0,2023-06-15 10:49:07.391985
TLEI,98999729226,buy,11.37,3900,3900,0,2023-06-15 13:56:55.809057
TLEI,29097998579,buy,11.37,44800,44800,0,2023-06-15 11:07:29.679151
TLEI,83094107925,buy,11.37,88900,88900,0,2023-06-15 09:33:47.881314
TLEI,14065196934,buy,11.37,3800,3800,0,2023-06-15 09:37:41.548986
TLEI,26499282098,buy,11.37,4200,4200,0,2023-06-15 09:57:47.442066
TLEI,54686449083,buy,11.37,4200,4200,0,2023-06-15 13:49:07.698451
TLEI,86599894184,buy,11.37,4200,4200,0,2023-06-15 13:51:30.438439
TLEI,99357860114,buy,11.37,85900,85900,0,2023-06-15 10:13:00.086249
TLEI,72679882787,buy,11.37,6100,6100,0,2023-06-15 10:58:00.689667
TLEI,27707247795,buy,11.37,4100,4100,0,2023-06-15 09:51:57.229076
TLEI,17991223664,buy,11.37,4200,4200,0,2023-06-15 10:36:29.109984
TLEI,97191298550,sell,11.37,106100,106100,0,2023-06-15 10:21:08.629845
TLEI,90116754522,sell,11.37,970400,970400,0,2023-06-15 14:26:04.464861
TLEI,30166069331,sell,11.37,88300,88300,0,2023-06-15 14:47:03.377592
TLEI,43361140576,sell,11.37,94800,94800,0,2023-06-15 11:20:33.471044
TLEI,10724147209,sell,11.37,50100,50100,0,2023-06-15 10:07:25.453163
TLEI,40741706657,sell,11.37,93700,93700,0,2023-06-15 10:40:03.246321
TLEI,26061074164,sell,11.37,97000,97000,0,2023-06-15 13:30:05.529643
TLEI,21140594560,sell,11.37,97000,97000,0,2023-06-15 14:57:11.914600
TLEI,20305324566,sell,11.37,46100,46100,0,2023-06-15 14:09:26.304701
TLEI,71773935718,sell,11.37,946700,946700,0,2023-06-15 13:30:52.089183
TLEI,75090915624,sell,11.37,916300,916300,0,2023-06-15 09:35:04.523605
TLEI,14490236363,sell,11.37,114500,114500,0,2023-06-15 10:53:10.787370
TLEI,17355311921,sell,11.37,94400,94400,0,2023-06-15 13:50:25.788214
TLEI,39354677788,sell,11.37,995900,995900,0,2023-06-15 10:32:45.250288
TLEI,60693905197,sell,11.37,116400,116400,0,2023-06-15 13:22:53.406770
TLEI,11899768841,sell,11.37,93200,93200,0,2023-06-15 13:23:28.027003
TLEI,97043942658,sell,11.37,141500,141500,0,2023-06-15 14:09:54.612081
TLEI,21492868157,sell,11.37,94300,94300,0,2023-06-15 10:48:25.122396
TLEI,45995627500,sell,11.37,586400,913700,327300,2023-06-15 13:30:13.917960
MEI,34773743067,buy,9.38,1304100,1304100,0,2023-06-15 11:10:52.020800
MEI,27617486199,buy,9.38,106400,106400,0,2023-06-15 13:07:15.161285
MEI,21782723800,buy,9.38,96700,96700,0,2023-06-15 13:58:06.368361
MEI,73488353754,buy,9.38,100700,100700,0,2023-06-15 14:58:10.346626
MEI,83965392369,buy,9.38,5000,5000,0,2023-06-15 11:24:26.158479
MEI,95075434792,buy,9.38,5300,5300,0,2023-06-15 11:15:01.616525
MEI,41019503903,buy,9.38,106000,106000,0,2023-06-15 10:07:01.942394
MEI,76149498058,buy,9.38,9600,9600,0,2023-06-15 10:38:03.744754
MEI,26993269908,buy,9.38,106700,106700,0,2023-06-15 13:26:03.219658
MEI,14261675192,buy,9.38,89000,89000,0,2023-06-15 14:37:45.777273
MEI,83407065781,buy,9.38,109700,109700,0,2023-06-15 11:02:32.408887
MEI,58415779283,buy,9.38,90100,90100,0,2023-06-15 14:31:28.084242
MEI,25142120538,buy,9.38,53000,53000,0,2023-06-15 10:18:03.941040
MEI,97394296794,buy,9.38,173600,173600,0,2023-06-15 13:17:18.960703
MEI,71236166981,buy,9.38,5600,5600,0,2023-06-15 10:34:59.731372
MEI,87315057647,buy,9.38,6300,6300,0,2023-06-15 10:45:35.617032
MEI,84997887997,buy,9.38,5600,5600,0,2023-06-15 13:32:06.152066
MEI,83071271966,buy,9.38,53100,53100,0,2023-06-15 14:46:09.215650
MEI,14833475554,buy,9.38,52200,52200,0,2023-06-15 09:59:41.301182
MEI,37903140382,buy,9.38,2023500,2023500,0,2023-06-15 10:20:49.023915
MEI,30121078666,buy,9.38,95100,95100,0,2023-06-15 10:36:13.751772
MEI,65367551459,buy,9.38,2212000,2212000,0,2023-06-15 10:37:56.825173
MEI,31754587017,buy,9.38,9700,9700,0,2023-06-15 13:04:46.743578
MEI,57737685178,buy,9.38,91700,91700,0,2023-06-15 13:15:18.908309
MEI,74134193251,buy,9.38,5900,5900,0,2023-06-15 10:24:45.911581
MEI,21491613921,buy,9.38,8000,8000,0,2023-06-15 10:50:29.870003
MEI,22807065463,buy,9.38,1458300,1458300,0,2023-06-15 09:55:06.455017
MEI,74214684111,buy,9.38,9900,9900,0,2023-06-15 13:26:02.273659
MEI,67804267797,buy,9.38,171600,171600,0,2023-06-15 09:32:00.148451
MEI,47574883677,buy,9.38,238800,238800,0,2023-06-15 09:52:03.834320
MEI,17763391970,buy,9.38,104500,104500,0,2023-06-15 10:09:02.781716
MEI,17307846548,buy,9.38,234600,234600,0,2023-06-15 13:04:19.991451
MEI,89850563376,buy,9.38,90200,90200,0,2023-06-15 13:04:17.140758
MEI,86019026911,buy,9.38,5700,5700,0,2023-06-15 13:23:21.786600
MEI,41085316306,buy,9.38,1743700,1743700,0,2023-06-15 10:12:18.419768
MEI,51680020844,buy,9.38,104000,104000,0,2023-06-15 11:26:22.772423
MEI,58968627714,buy,9.38,51200,51200,0,2023-06-15 10:32:24.015589
MEI,95973011833,buy,9.38,313400,313400,0,2023-06-15 13:02:25.448433
MEI,10495757594,buy,9.38,8600,8600,0,2023-06-15 13:24:10.335681
MEI,12396165581,buy,9.38,104600,104600,0,2023-06-15 09:51:38.872569
MEI,45442094483,buy,9.38,9200,9200,0,2023-06-15 13:21:11.751402
MEI,87445944688,buy,9.38,249300,249300,0,2023-06-15 14:55:07.580934
MEI,11879544818,buy,9.38,217700,217700,0,2023-06-15 14:58:11.370081
MEI,93521986652,buy,9.38,94200,94200,0,2023-06-15 11:01:27.597206
MEI,65659043523,buy,9.38,6700,6700,0,2023-06-15 13:28:12.785340
MEI,83581995503,buy,9.38,215900,215900,0,2023-06-15 13:29:41.219654
MEI,52110146860,buy,9.38,109700,109700,0,2023-06-15 10:12:58.823062
MEI,60958786199,buy,9.38,9300,9300,0,2023-06-15 10:58:05.615234
MEI,38806758301,buy,9.38,5700,5700,0,2023-06-15 13:06:49.762129
MEI,20654184899,buy,9.38,9700,9700,0,2023-06-15 13:22:22.218192
MEI,79967437531,buy,9.38,6000,6000,0,2023-06-15 14:00:29.875660
MEI,14636916508,buy,9.38,112900,112900,0,2023-06-15 14:09:52.985062
MEI,93427007220,buy,9.38,5100,5100,0,2023-06-15 10:01:02.379451
MEI,98338614723,buy,9.38,5500,5500,0,2023-06-15 11:21:33.324493
MEI,91900676843,buy,9.38,90200,90200,0,2023-06-15 09:45:34.398480
MEI,13538988864,buy,9.38,5800,5800,0,2023-06-15 13:11:27.059171
MEI,66742531726,buy,9.38,152000,152000,0,2023-06-15 14:14:41.716691
MEI,38880261328,buy,9.38,5700,5700,0,2023-06-15 13:16:36.820372
MEI,82205760068,buy,9.38,9100,9100,0,2023-06-15 09:31:22.626326
MEI,79823307559,buy,9.38,1097300,1097300,0,2023-06-15 10:17:06.089097
MEI,76913221462,buy,9.38,55400,55400,0,2023-06-15 09:33:25.275633
MEI,37691840152,buy,9.38,542400,542400,0,2023-06-15 13:16:29.865456
MEI,94629777407,buy,9.38,9200,9200,0,2023-06-15 14:12:19.269590
MEI,50589335038,buy,9.38,53900,53900,0,2023-06-15 10:14:31.775306
MEI,21140594560,buy,9.38,112000,112000,0,2023-06-15 10:53:33.782433
MEI,16553474291,buy,9.38,87400,87400,0,2023-06-15 14:02:16.711484
MEI,67751256634,buy,9.38,10300,10300,0,2023-06-15 14:38:07.835130
MEI,72450088251,buy,9.38,58300,58300,0,2023-06-15 14:56:13.568108
MEI,97191298550,buy,9.38,117800,117800,0,2023-06-15 13:53:17.516309
MEI,99371322029,buy,9.38,215100,215100,0,2023-06-15 10:15:50.876300
MEI,84310833175,buy,9.38,926700,1464700,538000,2023-06-15 11:07:35.774756
MEI,ZYF,sell,9.38,983800,983800,0,2023-06-15 10:01:00.118962
MEI,13502770246,sell,9.38,983800,983800,0,2023-06-15 10:07:36.276086
MEI,ZYF,sell,9.38,983800,983800,0,2023-06-15 13:30:26.168519
MEI,ZYF,sell,9.38,983800,983800,0,2023-06-15 13:37:27.040530
MEI,ZYF,sell,9.38,109500,109500,0,2023-06-15 10:20:19.392755
MEI,20470832907,sell,9.38,109500,109500,0,2023-06-15 13:32:03.846047
MEI,ZYF,sell,9.38,109500,109500,0,2023-06-15 13:33:38.801502
MEI,ZYF,sell,9.38,109500,109500,0,2023-06-15 14:27:10.567389
MEI,62917782677,sell,9.38,222000,222000,0,2023-06-15 13:18:08.484496
MEI,ZYF,sell,9.38,222000,222000,0,2023-06-15 13:43:11.536318
MEI,ZYF,sell,9.38,222000,222000,0,2023-06-15 14:14:49.698908
MEI,ZYF,sell,9.38,222000,222000,0,2023-06-15 14:26:00.970090
MEI,ZYF,sell,9.38,113700,113700,0,2023-06-15 11:06:06.083925
MEI,ZYF,sell,9.38,113700,113700,0,2023-06-15 14:09:08.038841
MEI,42255287627,sell,9.38,113700,113700,0,2023-06-15 14:28:06.169712
MEI,ZYF,sell,9.38,113700,113700,0,2023-06-15 14:54:16.094662
MEI,ZYF,sell,9.38,172400,172400,0,2023-06-15 10:33:09.661482
MEI,ZYF,sell,9.38,172400,172400,0,2023-06-15 13:10:51.969099
MEI,ZYF,sell,9.38,172400,172400,0,2023-06-15 13:45:14.105623
MEI,33237992000,sell,9.38,172400,172400,0,2023-06-15 14:13:01.015154
MEI,29569671163,sell,9.38,107800,107800,0,2023-06-15 10:06:01.349503
MEI,ZYF,sell,9.38,107800,107800,0,2023-06-15 10:36:08.412445
MEI,ZYF,sell,9.38,107800,107800,0,2023-06-15 11:04:14.280129
MEI,ZYF,sell,9.38,107800,107800,0,2023-06-15 13:29:10.489389
MEI,84043496210,sell,9.38,82200,82200,0,2023-06-15 10:20:45.118528
MEI,ZYF,sell,9.38,82200,82200,0,2023-06-15 13:15:06.507589
MEI,ZYF,sell,9.38,82200,82200,0,2023-06-15 14:10:02.225354
MEI,ZYF,sell,9.38,82200,82200,0,2023-06-15 14:54:10.805287
MEI,ZYF,sell,9.38,56200,56200,0,2023-06-15 11:18:07.245537
MEI,99717074794,sell,9.38,56200,56200,0,2023-06-15 11:28:54.798592
MEI,ZYF,sell,9.38,56200,56200,0,2023-06-15 13:08:05.872723
MEI,ZYF,sell,9.38,56200,56200,0,2023-06-15 13:58:28.817431
MEI,ZYF,sell,9.38,127200,127200,0,2023-06-15 10:32:24.435354
MEI,24904545652,sell,9.38,127200,127200,0,2023-06-15 11:08:35.056830
MEI,ZYF,sell,9.38,127200,127200,0,2023-06-15 11:13:44.425764
MEI,ZYF,sell,9.38,127200,127200,0,2023-06-15 14:14:39.531919
MEI,ZYF,sell,9.38,95000,95000,0,2023-06-15 09:34:16.606735
MEI,ZYF,sell,9.38,95000,95000,0,2023-06-15 09:58:06.572304
MEI,52945767825,sell,9.38,95000,95000,0,2023-06-15 13:50:53.142042
MEI,ZYF,sell,9.38,95000,95000,0,2023-06-15 13:59:55.779762
MEI,ZYF,sell,9.38,113500,113500,0,2023-06-15 10:17:40.763690
MEI,ZYF,sell,9.38,113500,113500,0,2023-06-15 13:11:48.731836
MEI,ZYF,sell,9.38,113500,113500,0,2023-06-15 13:33:24.842766
MEI,41464200343,sell,9.38,113500,113500,0,2023-06-15 13:58:12.744398
MEI,ZYF,sell,9.38,535700,535700,0,2023-06-15 09:56:45.751747
MEI,25901251490,sell,9.38,535700,535700,0,2023-06-15 10:14:22.221989
MEI,ZYF,sell,9.38,535700,535700,0,2023-06-15 14:09:49.871133
MEI,ZYF,sell,9.38,535700,535700,0,2023-06-15 14:33:31.483933
MEI,ZYF,sell,9.38,104600,104600,0,2023-06-15 09:33:11.587284
MEI,75746469277,sell,9.38,108300,108300,0,2023-06-15 09:50:36.569443
MEI,ZYF,sell,9.38,108300,108300,0,2023-06-15 10:11:23.933595
MEI,25367177125,sell,9.38,104600,104600,0,2023-06-15 10:13:55.125617
MEI,ZYF,sell,9.38,104600,104600,0,2023-06-15 10:16:07.830245
MEI,ZYF,sell,9.38,108300,108300,0,2023-06-15 13:26:28.737211
MEI,ZYF,sell,9.38,104600,104600,0,2023-06-15 14:07:40.636015
MEI,ZYF,sell,9.38,108300,108300,0,2023-06-15 14:16:28.754208
MEI,ZYF,sell,9.38,114800,114800,0,2023-06-15 09:40:05.511638
MEI,ZYF,sell,9.38,113000,113000,0,2023-06-15 09:40:13.192356
MEI,ZYF,sell,9.38,113000,113000,0,2023-06-15 09:56:21.537100
MEI,ZYF,sell,9.38,113000,113000,0,2023-06-15 09:59:41.041005
MEI,ZYF,sell,9.38,114800,114800,0,2023-06-15 11:24:00.901333
MEI,35851834555,sell,9.38,113000,113000,0,2023-06-15 13:20:17.418178
MEI,ZYF,sell,9.38,114800,114800,0,2023-06-15 13:45:50.905568
MEI,81883675464,sell,9.38,114800,114800,0,2023-06-15 14:00:14.553822
MEI,ZYF,sell,9.38,97100,97100,0,2023-06-15 09:52:45.181237
MEI,ZYF,sell,9.38,97100,97100,0,2023-06-15 10:21:22.983422
MEI,61859142934,sell,9.38,97100,97100,0,2023-06-15 10:29:24.933320
MEI,ZYF,sell,9.38,97100,97100,0,2023-06-15 14:08:45.573251
MEI,33944813580,sell,9.38,110600,110600,0,2023-06-15 09:44:40.822795
MEI,ZYF,sell,9.38,110600,110600,0,2023-06-15 10:39:59.072259
MEI,ZYF,sell,9.38,110600,110600,0,2023-06-15 11:13:46.319198
MEI,ZYF,sell,9.38,110600,110600,0,2023-06-15 14:33:32.477249
MEI,ZYF,sell,9.38,105800,105800,0,2023-06-15 09:39:17.190959
MEI,29278846182,sell,9.38,105800,105800,0,2023-06-15 10:24:50.118195
MEI,ZYF,sell,9.38,94100,94100,0,2023-06-15 10:28:35.569028
MEI,52519967504,sell,9.38,94100,94100,0,2023-06-15 10:31:41.783306
MEI,ZYF,sell,9.38,105800,105800,0,2023-06-15 13:19:37.724380
MEI,ZYF,sell,9.38,105800,105800,0,2023-06-15 13:21:10.273844
MEI,ZYF,sell,9.38,94100,94100,0,2023-06-15 14:36:26.308744
MEI,ZYF,sell,9.38,94100,94100,0,2023-06-15 14:55:30.249549
MEI,ZYF,sell,9.38,12100,12100,0,2023-06-15 10:15:04.519635
MEI,41789270261,sell,9.38,12100,12100,0,2023-06-15 11:00:01.604388
MEI,ZYF,sell,9.38,12100,12100,0,2023-06-15 13:15:55.208898
MEI,ZYF,sell,9.38,12100,12100,0,2023-06-15 14:45:16.782986
MEI,ZYF,sell,9.38,115100,115100,0,2023-06-15 09:41:17.030769
MEI,61389888029,sell,9.38,115100,115100,0,2023-06-15 11:20:07.406402
MEI,ZYF,sell,9.38,115100,115100,0,2023-06-15 13:34:05.556974
MEI,ZYF,sell,9.38,115100,115100,0,2023-06-15 13:42:37.368695
MEI,ZYF,sell,9.38,207600,207600,0,2023-06-15 09:31:10.763241
MEI,ZYF,sell,9.38,207600,207600,0,2023-06-15 11:02:09.204005
MEI,ZYF,sell,9.38,207600,207600,0,2023-06-15 13:14:54.714541
MEI,45751427867,sell,9.38,207600,207600,0,2023-06-15 13:48:03.269066
MEI,ZYF,sell,9.38,140200,140200,0,2023-06-15 10:40:57.503227
MEI,ZYF,sell,9.38,140200,140200,0,2023-06-15 13:02:16.431064
MEI,23384837453,sell,9.38,140200,140200,0,2023-06-15 13:48:30.593479
MEI,ZYF,sell,9.38,140200,140200,0,2023-06-15 14:26:50.743436
CGEI,99782720273,buy,9.6,124200,124200,0,2023-06-15 10:17:26.497050
CGEI,61389888029,buy,9.6,155800,155800,0,2023-06-15 11:21:08.820110
CGEI,78948527637,buy,9.6,153200,153200,0,2023-06-15 14:20:58.992670
CGEI,43022402800,buy,9.6,99100,99100,0,2023-06-15 09:45:25.421534
CGEI,17991223664,buy,9.6,132000,132000,0,2023-06-15 10:29:41.219415
CGEI,93353037559,buy,9.6,1295700,1295700,0,2023-06-15 13:52:24.656859
CGEI,83879940631,buy,9.6,70200,70200,0,2023-06-15 14:38:48.732448
CGEI,85426173815,buy,9.6,129700,129700,0,2023-06-15 14:38:56.116984
CGEI,96110050012,buy,9.6,119800,119800,0,2023-06-15 13:21:52.944720
CGEI,92117200453,buy,9.6,123500,123500,0,2023-06-15 14:29:40.435381
CGEI,38690319298,buy,9.6,84900,84900,0,2023-06-15 11:02:27.302602
CGEI,13726502735,buy,9.6,1321600,1321600,0,2023-06-15 11:03:32.415455
CGEI,33306385742,buy,9.6,79500,79500,0,2023-06-15 14:19:29.278197
CGEI,53464880944,buy,9.6,84700,84700,0,2023-06-15 09:55:58.653363
CGEI,94629777407,buy,9.6,78300,78300,0,2023-06-15 10:15:08.672017
CGEI,72679882787,buy,9.6,76900,76900,0,2023-06-15 14:00:55.503343
CGEI,21492868157,buy,9.6,88900,88900,0,2023-06-15 10:10:38.425672
CGEI,16704257100,buy,9.6,131600,131600,0,2023-06-15 13:46:14.994787
CGEI,74487748078,buy,9.6,100100,100100,0,2023-06-15 14:26:50.050373
CGEI,60958786199,buy,9.6,127900,127900,0,2023-06-15 11:19:36.338104
CGEI,83307643692,buy,9.6,82400,82400,0,2023-06-15 09:31:12.624750
CGEI,19023219592,buy,9.6,79100,79100,0,2023-06-15 10:53:46.575955
CGEI,49936240218,buy,9.6,143000,143000,0,2023-06-15 10:14:36.750253
CGEI,74109258330,buy,9.6,131200,131200,0,2023-06-15 10:56:41.407385
CGEI,75480377078,buy,9.6,80400,80400,0,2023-06-15 13:01:10.437478
CGEI,92435351068,buy,9.6,783600,783600,0,2023-06-15 13:30:03.123739
CGEI,42819824470,buy,9.6,110300,110300,0,2023-06-15 13:33:07.924471
CGEI,95472966517,buy,9.6,85700,85700,0,2023-06-15 13:22:34.976005
CGEI,38230792749,buy,9.6,84100,84100,0,2023-06-15 13:47:58.411027
CGEI,75680675866,buy,9.6,125400,125400,0,2023-06-15 10:46:57.133161
CGEI,15394414297,buy,9.6,86800,86800,0,2023-06-15 10:51:39.787107
CGEI,92816541204,buy,9.6,77700,77700,0,2023-06-15 14:15:07.040261
CGEI,44306786267,buy,9.6,137100,137100,0,2023-06-15 09:45:54.013444
CGEI,39135151259,buy,9.6,82900,82900,0,2023-06-15 09:55:59.602259
CGEI,75011303082,buy,9.6,122800,122800,0,2023-06-15 10:52:27.727504
CGEI,70896125380,buy,9.6,85100,85100,0,2023-06-15 11:25:42.624816
CGEI,43665216872,buy,9.6,126900,126900,0,2023-06-15 11:11:06.773855
CGEI,51545908993,buy,9.6,85300,85300,0,2023-06-15 10:13:39.186594
CGEI,71527145805,buy,9.6,83900,83900,0,2023-06-15 10:22:24.019903
CGEI,33237992000,buy,9.6,103600,103600,0,2023-06-15 10:48:28.920970
CGEI,88595095940,buy,9.6,82300,82300,0,2023-06-15 14:43:49.853650
CGEI,19138803449,buy,9.6,133100,133100,0,2023-06-15 11:16:10.435653
CGEI,84712047480,buy,9.6,81000,81000,0,2023-06-15 13:00:17.552549
CGEI,97791372404,buy,9.6,128600,128600,0,2023-06-15 10:44:18.215836
CGEI,81366442398,buy,9.6,81700,81700,0,2023-06-15 13:12:14.520479
CGEI,11122220668,buy,9.6,80900,80900,0,2023-06-15 14:11:31.573418
CGEI,35837116114,buy,9.6,173300,173300,0,2023-06-15 10:06:27.763699
CGEI,57612414987,buy,9.6,141600,141600,0,2023-06-15 14:18:36.597634
CGEI,60683978826,buy,9.6,53500,53500,0,2023-06-15 09:31:03.212271
CGEI,60382105907,buy,9.6,143500,143500,0,2023-06-15 09:43:37.581904
CGEI,48548594416,buy,9.6,776200,776200,0,2023-06-15 14:42:07.918066
CGEI,26525204622,buy,9.6,139000,139000,0,2023-06-15 13:05:46.781755
CGEI,58052725174,buy,9.6,78500,78500,0,2023-06-15 13:50:54.539971
CGEI,69430868781,buy,9.6,82400,82400,0,2023-06-15 13:55:19.054643
CGEI,83445171136,buy,9.6,145200,145200,0,2023-06-15 10:11:51.111291
CGEI,13538988864,buy,9.6,130500,130500,0,2023-06-15 10:54:06.031477
CGEI,15476317174,buy,9.6,1000100,1000100,0,2023-06-15 11:06:39.638593
CGEI,36628867090,buy,9.6,70800,70800,0,2023-06-15 10:53:20.505791
CGEI,25367177125,buy,9.6,196400,196400,0,2023-06-15 13:18:12.887425
CGEI,35011530772,buy,9.6,308900,308900,0,2023-06-15 14:13:04.690724
CGEI,11333599141,buy,9.6,130400,130400,0,2023-06-15 14:31:19.475912
CGEI,58583171529,buy,9.6,86700,86700,0,2023-06-15 14:48:46.519281
CGEI,12361838557,buy,9.6,221400,221400,0,2023-06-15 09:43:24.661476
CGEI,73264505917,buy,9.6,822000,822000,0,2023-06-15 13:44:17.584914
CGEI,54686449083,buy,9.6,140200,140200,0,2023-06-15 14:57:42.425492
CGEI,58754900990,buy,9.6,128200,128200,0,2023-06-15 09:48:06.123596
CGEI,92638060217,buy,9.6,118400,118400,0,2023-06-15 13:35:11.019032
CGEI,47514256075,buy,9.6,53600,53600,0,2023-06-15 14:34:48.006538
CGEI,71178502526,buy,9.6,137000,137000,0,2023-06-15 09:32:05.390091
CGEI,93521986652,buy,9.6,833300,833300,0,2023-06-15 11:14:51.877362
CGEI,70182749572,buy,9.6,94700,94700,0,2023-06-15 14:49:04.477172
CGEI,77112871374,buy,9.6,152500,152500,0,2023-06-15 09:40:17.068485
CGEI,43838974176,buy,9.6,90800,90800,0,2023-06-15 10:46:04.519649
CGEI,99360887564,buy,9.6,81500,81500,0,2023-06-15 10:47:44.841752
CGEI,83089469059,buy,9.6,74600,74600,0,2023-06-15 14:15:25.328742
CGEI,55503246178,buy,9.6,88200,88200,0,2023-06-15 11:29:30.999046
CGEI,17923845634,buy,9.6,148400,148400,0,2023-06-15 14:27:36.432906
CGEI,78233375206,buy,9.6,813400,813400,0,2023-06-15 09:56:28.708647
CGEI,18112277402,buy,9.6,85500,85500,0,2023-06-15 11:05:54.417565
CGEI,40232921379,buy,9.6,130500,130500,0,2023-06-15 11:25:36.909156
CGEI,46471627785,buy,9.6,134800,134800,0,2023-06-15 13:16:50.397659
CGEI,84865233778,buy,9.6,65200,65200,0,2023-06-15 13:37:29.136738
CGEI,73389879308,buy,9.6,129300,129300,0,2023-06-15 14:06:11.887703
CGEI,49757711136,buy,9.6,83800,83800,0,2023-06-15 14:11:36.904912
CGEI,94609594557,buy,9.6,87800,87800,0,2023-06-15 14:43:22.865672
CGEI,27151462736,buy,9.6,83600,83600,0,2023-06-15 09:35:25.722809
CGEI,88237060993,buy,9.6,110700,110700,0,2023-06-15 14:38:05.767647
CGEI,55952617157,buy,9.6,216600,216600,0,2023-06-15 11:26:13.751114
CGEI,83071271966,buy,9.6,770300,770300,0,2023-06-15 11:20:05.160176
CGEI,73545994958,buy,9.6,82700,82700,0,2023-06-15 11:29:40.240868
CGEI,59255167650,buy,9.6,135100,135100,0,2023-06-15 14:27:48.205255
CGEI,27769202330,buy,9.6,84300,84300,0,2023-06-15 09:44:18.456485
CGEI,12230990767,buy,9.6,79600,79600,0,2023-06-15 13:11:53.179174
CGEI,24270365556,buy,9.6,82200,82200,0,2023-06-15 14:03:39.128758
CGEI,85916747791,buy,9.6,85100,85100,0,2023-06-15 14:27:31.927297
CGEI,ZYF,sell,9.6,105200,105200,0,2023-06-15 10:00:07.215584
CGEI,19648735501,sell,9.6,105200,105200,0,2023-06-15 10:22:15.171450
CGEI,ZYF,sell,9.6,105200,105200,0,2023-06-15 13:12:47.184561
CGEI,ZYF,sell,9.6,105200,105200,0,2023-06-15 14:22:30.471255
CGEI,76272143667,sell,9.6,56800,56800,0,2023-06-15 13:42:13.919221
CGEI,ZYF,sell,9.6,56800,56800,0,2023-06-15 14:17:41.985342
CGEI,ZYF,sell,9.6,56800,56800,0,2023-06-15 14:48:24.592961
CGEI,ZYF,sell,9.6,56800,56800,0,2023-06-15 14:49:28.627420
CGEI,ZYF,sell,9.6,1156600,1156600,0,2023-06-15 09:47:30.695022
CGEI,ZYF,sell,9.6,1156600,1156600,0,2023-06-15 10:39:36.376122
CGEI,ZYF,sell,9.6,1156600,1156600,0,2023-06-15 13:24:43.471195
CGEI,79028178595,sell,9.6,1156600,1156600,0,2023-06-15 13:51:06.019877
CGEI,ZYF,sell,9.6,2118000,2118000,0,2023-06-15 11:02:47.865685
CGEI,ZYF,sell,9.6,2118000,2118000,0,2023-06-15 14:19:29.334062
CGEI,91580459955,sell,9.6,2118000,2118000,0,2023-06-15 14:20:04.651418
CGEI,ZYF,sell,9.6,2118000,2118000,0,2023-06-15 14:59:02.601246
CGEI,ZYF,sell,9.6,518500,518500,0,2023-06-15 10:28:24.319148
CGEI,ZYF,sell,9.6,518500,518500,0,2023-06-15 10:35:31.230965
CGEI,87832393923,sell,9.6,518500,518500,0,2023-06-15 11:15:38.056872
CGEI,ZYF,sell,9.6,518500,518500,0,2023-06-15 13:02:02.901487
CGEI,ZYF,sell,9.6,104700,104700,0,2023-06-15 09:38:22.385738
CGEI,65130133433,sell,9.6,104700,104700,0,2023-06-15 10:08:04.259595
CGEI,ZYF,sell,9.6,104700,104700,0,2023-06-15 10:15:54.805695
CGEI,ZYF,sell,9.6,104700,104700,0,2023-06-15 14:39:50.261235
CGEI,33918860334,sell,9.6,100600,100600,0,2023-06-15 09:47:08.356395
CGEI,ZYF,sell,9.6,100600,100600,0,2023-06-15 09:53:30.901168
CGEI,ZYF,sell,9.6,45600,45600,0,2023-06-15 10:04:14.000990
CGEI,ZYF,sell,9.6,100600,100600,0,2023-06-15 10:13:35.115530
CGEI,ZYF,sell,9.6,45600,45600,0,2023-06-15 13:01:30.931481
CGEI,ZYF,sell,9.6,100600,100600,0,2023-06-15 13:37:39.559948
CGEI,38411752339,sell,9.6,45600,45600,0,2023-06-15 14:37:52.792414
CGEI,ZYF,sell,9.6,45600,45600,0,2023-06-15 14:57:25.381829
CGEI,24817759643,sell,9.6,216400,216400,0,2023-06-15 09:55:24.785143
CGEI,ZYF,sell,9.6,216400,216400,0,2023-06-15 10:50:33.528697
CGEI,ZYF,sell,9.6,216400,216400,0,2023-06-15 11:28:38.331699
CGEI,ZYF,sell,9.6,216400,216400,0,2023-06-15 14:20:31.526050
CGEI,ZYF,sell,9.6,275200,1217300,942100,2023-06-15 09:39:48.026592
EREI,60621697035,buy,11.9,80800,80800,0,2023-06-15 09:36:59.524730
EREI,16704257100,buy,11.9,45900,45900,0,2023-06-15 13:25:56.106501
EREI,41431924424,buy,11.9,150600,150600,0,2023-06-15 10:27:06.749791
EREI,18723484978,buy,11.9,21600,21600,0,2023-06-15 13:05:39.669305
EREI,42753676274,buy,11.9,49600,49600,0,2023-06-15 13:48:12.367755
EREI,43582908576,buy,11.9,29900,29900,0,2023-06-15 09:55:49.721082
EREI,36628867090,buy,11.9,24400,24400,0,2023-06-15 11:15:37.193848
EREI,83071271966,buy,11.9,421200,421200,0,2023-06-15 13:59:29.111906
EREI,71711251147,buy,11.9,467800,467800,0,2023-06-15 10:11:19.326493
EREI,74214684111,buy,11.9,30600,30600,0,2023-06-15 13:28:30.316307
EREI,82516860108,buy,11.9,1597200,1597200,0,2023-06-15 09:32:57.277033
EREI,84223796359,buy,11.9,253100,253100,0,2023-06-15 09:35:15.315486
EREI,74134193251,buy,11.9,29500,29500,0,2023-06-15 09:57:02.456077
EREI,66742531726,buy,11.9,118100,118100,0,2023-06-15 10:04:17.257032
EREI,39616304277,buy,11.9,28700,28700,0,2023-06-15 10:16:58.701232
EREI,98338614723,buy,11.9,43100,43100,0,2023-06-15 14:11:29.450520
EREI,29665345618,buy,11.9,30200,30200,0,2023-06-15 11:20:46.295634
EREI,65869298244,buy,11.9,44000,44000,0,2023-06-15 10:22:03.721105
EREI,96787987095,buy,11.9,47500,47500,0,2023-06-15 13:48:19.483908
EREI,41789270261,buy,11.9,95600,95600,0,2023-06-15 09:40:27.458710
EREI,12230990767,buy,11.9,27500,27500,0,2023-06-15 14:24:06.403001
EREI,73264505917,buy,11.9,287500,287500,0,2023-06-15 10:59:29.720125
EREI,96675000715,buy,11.9,294000,294000,0,2023-06-15 13:24:28.117846
EREI,15936138124,buy,11.9,90400,90400,0,2023-06-15 10:03:23.577896
EREI,40741706657,buy,11.9,84100,84100,0,2023-06-15 10:40:29.959217
EREI,74694558851,buy,11.9,51000,51000,0,2023-06-15 11:24:45.751076
EREI,21457572365,buy,11.9,28200,28200,0,2023-06-15 11:05:36.667632
EREI,24063664460,buy,11.9,810700,810700,0,2023-06-15 09:45:28.500147
EREI,33843469249,buy,11.9,29500,29500,0,2023-06-15 13:16:23.282688
EREI,13807252320,buy,11.9,81100,81100,0,2023-06-15 09:50:38.706280
EREI,72111245156,buy,11.9,31300,31300,0,2023-06-15 14:44:29.455344
EREI,83445171136,buy,11.9,32000,32000,0,2023-06-15 13:34:18.577135
EREI,14746977810,buy,11.9,221400,221400,0,2023-06-15 10:10:13.782563
EREI,27769202330,buy,11.9,47000,47000,0,2023-06-15 11:02:45.570820
EREI,93531157884,buy,11.9,29600,29600,0,2023-06-15 09:56:33.923188
EREI,94629777407,buy,11.9,28500,28500,0,2023-06-15 14:34:11.988213
EREI,76005149614,buy,11.9,43500,43500,0,2023-06-15 09:40:48.067043
EREI,22755586181,buy,11.9,30000,30000,0,2023-06-15 13:23:53.108862
EREI,76931714575,buy,11.9,169500,169500,0,2023-06-15 10:56:01.247555
EREI,50519660324,buy,11.9,48000,48000,0,2023-06-15 14:51:03.955272
EREI,72360475841,buy,11.9,831800,831800,0,2023-06-15 13:02:06.575757
EREI,42488589581,buy,11.9,29700,29700,0,2023-06-15 10:46:18.269260
EREI,26061074164,buy,11.9,88100,88100,0,2023-06-15 13:13:11.093910
EREI,29853738887,buy,11.9,432100,432100,0,2023-06-15 10:19:28.907892
EREI,13726502735,buy,11.9,303700,303700,0,2023-06-15 10:47:08.972657
EREI,44306786267,buy,11.9,30800,30800,0,2023-06-15 14:03:12.297209
EREI,57270767875,buy,11.9,299100,299100,0,2023-06-15 14:51:31.087093
EREI,69768295193,buy,11.9,821700,821700,0,2023-06-15 10:44:05.421983
EREI,20654184899,buy,11.9,30300,30300,0,2023-06-15 11:05:47.173376
EREI,29278846182,buy,11.9,245500,245500,0,2023-06-15 13:03:03.229179
EREI,87832393923,buy,11.9,681400,681400,0,2023-06-15 13:36:37.185938
EREI,43665216872,buy,11.9,28500,28500,0,2023-06-15 10:11:27.710026
EREI,51172581584,buy,11.9,74100,74100,0,2023-06-15 10:47:13.348409
EREI,38946804573,buy,11.9,127800,127800,0,2023-06-15 10:14:22.162191
EREI,31207487730,buy,11.9,30300,30300,0,2023-06-15 13:08:05.394412
EREI,27740897070,buy,11.9,28500,28500,0,2023-06-15 13:56:33.050089
EREI,96045251636,sell,11.9,148100,148100,0,2023-06-15 10:16:59.949193
EREI,57914306978,sell,11.9,189200,189200,0,2023-06-15 10:59:23.716848
EREI,39131281454,sell,11.9,49200,49200,0,2023-06-15 13:19:50.481756
EREI,24249672888,sell,11.9,93900,93900,0,2023-06-15 13:52:24.451841
EREI,64050481312,sell,11.9,904200,904200,0,2023-06-15 11:11:15.197354
EREI,48968490169,sell,11.9,788100,788100,0,2023-06-15 10:39:48.238264
EREI,49711693360,sell,11.9,83000,83000,0,2023-06-15 13:48:28.807882
EREI,38492943556,sell,11.9,95200,95200,0,2023-06-15 10:41:29.099420
EREI,74492011649,sell,11.9,93700,93700,0,2023-06-15 14:06:49.124448
EREI,85785286898,sell,11.9,1376100,1376100,0,2023-06-15 13:20:18.645609
EREI,25109296217,sell,11.9,86300,86300,0,2023-06-15 11:17:47.605017
EREI,53184982394,sell,11.9,862500,862500,0,2023-06-15 10:30:34.098001
EREI,21877939718,sell,11.9,911100,911100,0,2023-06-15 13:03:47.758414
EREI,12001214030,sell,11.9,94000,94000,0,2023-06-15 13:26:55.675603
EREI,36082979950,sell,11.9,1551100,1551100,0,2023-06-15 10:04:12.149342
EREI,82254645314,sell,11.9,129900,129900,0,2023-06-15 13:52:26.351397
EREI,74430384885,sell,11.9,415900,415900,0,2023-06-15 11:04:51.149730
EREI,86718008244,sell,11.9,889900,889900,0,2023-06-15 10:51:16.290703
EREI,83094107925,sell,11.9,129200,129200,0,2023-06-15 11:02:57.244751
EREI,61497679576,sell,11.9,174000,174000,0,2023-06-15 13:29:39.720098
EREI,85470661053,sell,11.9,804100,804100,0,2023-06-15 13:55:12.429521
EREI,98343470054,sell,11.9,174400,174400,0,2023-06-15 09:49:34.346317
EREI,60098018758,sell,11.9,42800,42800,0,2023-06-15 14:49:16.281885
EREI,58010151264,sell,11.9,71700,85900,14200,2023-06-15 13:24:30.518752
TSEI,96110050012,buy,5.56,28600,28600,0,2023-06-15 09:49:09.306144
TSEI,86599894184,buy,5.56,51800,51800,0,2023-06-15 13:49:54.866480
TSEI,39638094206,buy,5.56,1740400,1740400,0,2023-06-15 10:08:08.107454
TSEI,82889784010,buy,5.56,90600,90600,0,2023-06-15 11:19:13.619910
TSEI,45174044786,buy,5.56,27700,27700,0,2023-06-15 13:20:52.933866
TSEI,57908487610,buy,5.56,495600,495600,0,2023-06-15 13:03:27.157995
TSEI,83071271966,buy,5.56,286800,286800,0,2023-06-15 10:18:48.927245
TSEI,86233293484,buy,5.56,30400,30400,0,2023-06-15 11:14:55.753002
TSEI,44582146571,buy,5.56,168300,168300,0,2023-06-15 11:06:55.560724
TSEI,35927763195,buy,5.56,831200,831200,0,2023-06-15 11:16:22.424239
TSEI,11333599141,buy,5.56,30700,30700,0,2023-06-15 13:13:59.146393
TSEI,41149003178,buy,5.56,176500,176500,0,2023-06-15 11:10:24.482781
TSEI,50589335038,buy,5.56,289400,289400,0,2023-06-15 14:38:33.749544
TSEI,65269814442,buy,5.56,928400,928400,0,2023-06-15 14:00:35.056798
TSEI,74487748078,buy,5.56,24300,24300,0,2023-06-15 14:26:14.414616
TSEI,55503246178,buy,5.56,53400,53400,0,2023-06-15 10:49:05.763394
TSEI,24026501706,buy,5.56,30800,30800,0,2023-06-15 14:35:01.166385
TSEI,84865233778,buy,5.56,24500,24500,0,2023-06-15 14:49:25.607956
TSEI,26499282098,buy,5.56,53900,53900,0,2023-06-15 14:18:49.258630
TSEI,96939108814,buy,5.56,53600,53600,0,2023-06-15 10:15:10.694182
TSEI,90835889671,buy,5.56,31100,31100,0,2023-06-15 10:44:57.243434
TSEI,21308943568,buy,5.56,30900,30900,0,2023-06-15 14:06:20.464203
TSEI,38806758301,buy,5.56,50100,50100,0,2023-06-15 14:07:22.613365
TSEI,39616304277,buy,5.56,31700,31700,0,2023-06-15 14:23:50.561708
TSEI,81366442398,buy,5.56,31700,31700,0,2023-06-15 14:39:45.487275
TSEI,83663375145,buy,5.56,27800,27800,0,2023-06-15 11:05:59.229745
TSEI,83247944988,buy,5.56,299700,299700,0,2023-06-15 14:53:31.328532
TSEI,53464880944,buy,5.56,54100,54100,0,2023-06-15 10:31:46.579896
TSEI,43582908576,buy,5.56,53500,53500,0,2023-06-15 13:09:48.769211
TSEI,12504396640,buy,5.56,30600,30600,0,2023-06-15 09:50:25.042763
TSEI,13807252320,buy,5.56,85600,85600,0,2023-06-15 09:31:24.804489
TSEI,17406845799,buy,5.56,198700,198700,0,2023-06-15 10:17:10.732664
TSEI,88166001054,buy,5.56,26700,26700,0,2023-06-15 13:49:17.805825
TSEI,13525233782,buy,5.56,330600,330600,0,2023-06-15 14:55:48.167371
TSEI,21491613921,buy,5.56,27900,27900,0,2023-06-15 10:24:02.332300
TSEI,69910223413,buy,5.56,54300,54300,0,2023-06-15 13:13:39.905299
TSEI,73545994958,buy,5.56,50900,50900,0,2023-06-15 14:13:58.610178
TSEI,83445171136,buy,5.56,56500,56500,0,2023-06-15 14:33:42.116833
TSEI,25142120538,buy,5.56,482800,482800,0,2023-06-15 14:45:00.074756
TSEI,43665216872,buy,5.56,31300,31300,0,2023-06-15 09:42:59.788839
TSEI,48968490169,buy,5.56,1590200,1590200,0,2023-06-15 09:52:25.556632
TSEI,12230990767,buy,5.56,30700,30700,0,2023-06-15 10:12:08.279243
TSEI,27151462736,buy,5.56,51700,51700,0,2023-06-15 10:32:31.441838
TSEI,27604525631,buy,5.56,498700,498700,0,2023-06-15 13:46:57.551348
TSEI,31207487730,buy,5.56,53300,53300,0,2023-06-15 13:54:21.391207
TSEI,26664066972,buy,5.56,52300,52300,0,2023-06-15 10:31:45.141246
TSEI,75480377078,buy,5.56,51300,51300,0,2023-06-15 13:15:49.633174
TSEI,93427007220,buy,5.56,28400,28400,0,2023-06-15 13:16:55.300568
TSEI,85916747791,buy,5.56,52600,52600,0,2023-06-15 13:31:23.178366
TSEI,27740897070,buy,5.56,31300,31300,0,2023-06-15 14:19:11.487053
TSEI,85896190591,buy,5.56,27600,27600,0,2023-06-15 14:54:12.745553
TSEI,90085044756,buy,5.56,328400,328400,0,2023-06-15 09:46:56.887447
TSEI,88595095940,buy,5.56,52100,52100,0,2023-06-15 14:08:39.274702
TSEI,52030982230,buy,5.56,596800,596800,0,2023-06-15 14:37:33.926227
TSEI,20654184899,buy,5.56,53700,53700,0,2023-06-15 09:57:35.918577
TSEI,58583171529,buy,5.56,54500,54500,0,2023-06-15 11:21:37.208757
TSEI,85362876838,buy,5.56,28100,28100,0,2023-06-15 14:02:06.198474
TSEI,39386046472,buy,5.56,294700,294700,0,2023-06-15 09:31:49.447053
TSEI,78069100165,buy,5.56,34200,34200,0,2023-06-15 09:54:18.056729
TSEI,82205760068,buy,5.56,8000,31500,23500,2023-06-15 10:23:02.343975
TSEI,73259037090,sell,5.56,169900,169900,0,2023-06-15 09:47:34.588435
TSEI,ZYF,sell,5.56,169900,169900,0,2023-06-15 13:01:06.961774
TSEI,ZYF,sell,5.56,174200,174200,0,2023-06-15 09:32:33.902687
TSEI,ZYF,sell,5.56,47400,47400,0,2023-06-15 11:11:31.900149
TSEI,14833475554,sell,5.56,47400,47400,0,2023-06-15 13:39:40.014071
TSEI,25237734738,sell,5.56,174200,174200,0,2023-06-15 14:52:44.570819
TSEI,34570081404,sell,5.56,3780700,3780700,0,2023-06-15 13:03:46.548851
TSEI,ZYF,sell,5.56,3780700,3780700,0,2023-06-15 13:18:20.353673
TSEI,69249449486,sell,5.56,860500,860500,0,2023-06-15 10:45:21.419828
TSEI,ZYF,sell,5.56,251900,251900,0,2023-06-15 11:03:25.847621
TSEI,ZYF,sell,5.56,860500,860500,0,2023-06-15 11:22:18.475320
TSEI,30121078666,sell,5.56,251900,251900,0,2023-06-15 14:24:53.783670
TSEI,51172581584,sell,5.56,181600,181600,0,2023-06-15 13:37:25.388386
TSEI,ZYF,sell,5.56,181600,181600,0,2023-06-15 14:01:19.347709
TSEI,79233871795,sell,5.56,76900,76900,0,2023-06-15 13:20:58.678926
TSEI,ZYF,sell,5.56,76900,76900,0,2023-06-15 14:28:15.627380
TSEI,91779987390,sell,5.56,117900,117900,0,2023-06-15 13:12:06.591437
TSEI,ZYF,sell,5.56,117900,117900,0,2023-06-15 14:58:30.958557
FSEI,86718008244,buy,10.59,1845800,1845800,0,2023-06-15 11:10:23.935803
FSEI,94863881919,buy,10.59,77000,77000,0,2023-06-15 14:00:43.342229
FSEI,58976630584,buy,10.59,142000,142000,0,2023-06-15 14:07:35.432452
FSEI,20829711154,buy,10.59,175800,175800,0,2023-06-15 13:50:34.357568
FSEI,89902916020,buy,10.59,76000,76000,0,2023-06-15 14:40:47.840187
FSEI,33918860334,buy,10.59,129800,129800,0,2023-06-15 11:22:56.534408
FSEI,49711693360,buy,10.59,135200,135200,0,2023-06-15 13:41:59.390905
FSEI,95689374416,buy,10.59,109100,109100,0,2023-06-15 13:51:14.919901
FSEI,13548799342,buy,10.59,1267000,1267000,0,2023-06-15 14:56:57.835761
FSEI,47209693659,buy,10.59,92600,92600,0,2023-06-15 14:28:29.664752
FSEI,94780611882,buy,10.59,99200,99200,0,2023-06-15 10:01:07.989637
FSEI,71527145805,buy,10.59,78900,78900,0,2023-06-15 10:39:08.903377
FSEI,74013811049,buy,10.59,70300,70300,0,2023-06-15 13:05:20.965923
FSEI,39400499496,buy,10.59,71000,71000,0,2023-06-15 14:04:11.302765
FSEI,49047846008,buy,10.59,82300,82300,0,2023-06-15 13:56:48.633700
FSEI,88166001054,buy,10.59,64200,64200,0,2023-06-15 11:18:36.468748
FSEI,26283005591,buy,10.59,91100,91100,0,2023-06-15 14:42:37.353896
FSEI,56933868032,buy,10.59,1056400,1056400,0,2023-06-15 13:48:55.264632
FSEI,76005149614,buy,10.59,71900,71900,0,2023-06-15 09:35:44.024267
FSEI,39616304277,buy,10.59,76900,76900,0,2023-06-15 11:06:29.857768
FSEI,85470661053,buy,10.59,873800,873800,0,2023-06-15 13:36:08.353353
FSEI,83231426774,buy,10.59,136500,136500,0,2023-06-15 10:21:29.455355
FSEI,24473730972,buy,10.59,83300,83300,0,2023-06-15 13:17:11.428945
FSEI,93531157884,buy,10.59,78700,78700,0,2023-06-15 13:53:14.484813
FSEI,18693494171,buy,10.59,81300,81300,0,2023-06-15 10:45:36.315630
FSEI,20218637328,buy,10.59,132900,132900,0,2023-06-15 13:35:03.678074
FSEI,95334397009,buy,10.59,790500,790500,0,2023-06-15 11:26:41.279830
FSEI,43361140576,buy,10.59,142800,142800,0,2023-06-15 13:29:27.061995
FSEI,36514505064,buy,10.59,146300,146300,0,2023-06-15 10:23:16.020797
FSEI,52030982230,buy,10.59,901600,901600,0,2023-06-15 13:55:56.785736
FSEI,12800575864,buy,10.59,302000,302000,0,2023-06-15 09:44:46.734769
FSEI,67986090156,buy,10.59,94800,94800,0,2023-06-15 09:54:05.156135
FSEI,38263115080,buy,10.59,95500,95500,0,2023-06-15 09:46:50.583499
FSEI,36624578262,buy,10.59,99200,99200,0,2023-06-15 11:03:19.100011
FSEI,92916761973,buy,10.59,98000,98000,0,2023-06-15 13:52:55.357615
FSEI,37689292477,buy,10.59,732700,732700,0,2023-06-15 10:13:19.703950
FSEI,99729618747,buy,10.59,1819800,1819800,0,2023-06-15 09:36:50.335935
FSEI,89785734697,buy,10.59,98000,98000,0,2023-06-15 10:23:04.789790
FSEI,72330426129,buy,10.59,610700,610700,0,2023-06-15 09:39:49.593482
FSEI,49936240218,buy,10.59,87000,87000,0,2023-06-15 11:09:02.026091
FSEI,45491216384,buy,10.59,150500,150500,0,2023-06-15 13:52:37.783472
FSEI,39135151259,buy,10.59,80400,80400,0,2023-06-15 13:10:47.637317
FSEI,70955778282,buy,10.59,766300,766300,0,2023-06-15 10:33:42.109426
FSEI,23098749401,buy,10.59,935900,935900,0,2023-06-15 14:33:22.237181
FSEI,84997887997,sell,10.59,52300,52300,0,2023-06-15 09:43:36.155630
FSEI,ZYF,sell,10.59,52300,52300,0,2023-06-15 13:59:48.980812
FSEI,95472966517,sell,10.59,6700,6700,0,2023-06-15 14:02:01.219757
FSEI,ZYF,sell,10.59,6700,6700,0,2023-06-15 14:07:59.549549
FSEI,ZYF,sell,10.59,45700,45700,0,2023-06-15 10:43:45.365734
FSEI,83663375145,sell,10.59,45700,45700,0,2023-06-15 11:28:05.335475
FSEI,57116597530,sell,10.59,46700,46700,0,2023-06-15 10:17:27.865944
FSEI,92873967192,sell,10.59,50000,50000,0,2023-06-15 11:17:23.696475
FSEI,ZYF,sell,10.59,50000,50000,0,2023-06-15 11:26:23.528463
FSEI,ZYF,sell,10.59,46700,46700,0,2023-06-15 13:53:47.264516
FSEI,ZYF,sell,10.59,101600,101600,0,2023-06-15 13:06:21.181749
FSEI,71310526591,sell,10.59,101600,101600,0,2023-06-15 14:17:57.233962
FSEI,49757711136,sell,10.59,51900,51900,0,2023-06-15 09:31:30.975233
FSEI,ZYF,sell,10.59,50500,50500,0,2023-06-15 10:05:34.314189
FSEI,90835889671,sell,10.59,50500,50500,0,2023-06-15 13:20:39.074533
FSEI,ZYF,sell,10.59,51900,51900,0,2023-06-15 13:32:00.980008
FSEI,ZYF,sell,10.59,51700,51700,0,2023-06-15 10:14:03.792530
FSEI,97401607168,sell,10.59,51700,51700,0,2023-06-15 14:27:16.091032
FSEI,44306786267,sell,10.59,54100,54100,0,2023-06-15 10:18:32.244505
FSEI,ZYF,sell,10.59,54100,54100,0,2023-06-15 10:53:20.272494
FSEI,13713918206,sell,10.59,105500,105500,0,2023-06-15 09:55:00.207952
FSEI,84865233778,sell,10.59,40200,40200,0,2023-06-15 10:44:59.706350
FSEI,ZYF,sell,10.59,105500,105500,0,2023-06-15 11:06:28.780004
FSEI,ZYF,sell,10.59,40200,40200,0,2023-06-15 11:11:04.850750
FSEI,ZYF,sell,10.59,50700,50700,0,2023-06-15 14:01:11.721899
FSEI,13538988864,sell,10.59,50700,50700,0,2023-06-15 14:33:59.427865
FSEI,ZYF,sell,10.59,23200,23200,0,2023-06-15 10:11:21.404704
FSEI,90421992505,sell,10.59,23200,23200,0,2023-06-15 11:06:48.077479
FSEI,92594586139,sell,10.59,55400,55400,0,2023-06-15 13:24:07.000744
FSEI,ZYF,sell,10.59,55400,55400,0,2023-06-15 14:20:59.880935
FSEI,76913221462,sell,10.59,32300,32300,0,2023-06-15 10:07:35.884100
FSEI,46175951711,sell,10.59,12900,12900,0,2023-06-15 10:12:03.059884
FSEI,ZYF,sell,10.59,32300,32300,0,2023-06-15 10:54:31.420056
FSEI,ZYF,sell,10.59,12900,12900,0,2023-06-15 14:11:03.351750
FSEI,ZYF,sell,10.59,508200,508200,0,2023-06-15 09:34:14.881472
FSEI,57737685178,sell,10.59,508200,508200,0,2023-06-15 10:44:36.846609
FSEI,ZYF,sell,10.59,29000,29000,0,2023-06-15 09:37:07.743273
FSEI,ZYF,sell,10.59,44500,44500,0,2023-06-15 10:09:22.437470
FSEI,39219775221,sell,10.59,29000,29000,0,2023-06-15 13:15:04.600240
FSEI,21491613921,sell,10.59,44500,44500,0,2023-06-15 14:07:07.202911
FSEI,ZYF,sell,10.59,53500,53500,0,2023-06-15 10:48:18.007019
FSEI,87150299760,sell,10.59,53500,53500,0,2023-06-15 14:56:36.680421
FSEI,ZYF,sell,10.59,6600,6600,0,2023-06-15 09:42:37.980902
FSEI,81205051650,sell,10.59,45000,45000,0,2023-06-15 09:57:14.176772
FSEI,72679882787,sell,10.59,6600,6600,0,2023-06-15 13:11:28.044816
FSEI,ZYF,sell,10.59,45000,45000,0,2023-06-15 13:19:54.201822
FSEI,ZYF,sell,10.59,123500,123500,0,2023-06-15 09:32:56.506937
FSEI,ZYF,sell,10.59,470600,470600,0,2023-06-15 10:51:46.711553
FSEI,11946293378,sell,10.59,123500,123500,0,2023-06-15 11:14:14.480892
FSEI,74004437101,sell,10.59,470600,470600,0,2023-06-15 13:05:40.958297
FSEI,ZYF,sell,10.59,52300,52300,0,2023-06-15 10:30:59.839952
FSEI,ZYF,sell,10.59,51700,51700,0,2023-06-15 11:09:17.145591
FSEI,74502969810,sell,10.59,51700,51700,0,2023-06-15 13:47:31.568393
FSEI,58230710236,sell,10.59,52300,52300,0,2023-06-15 14:57:38.756982
FSEI,ZYF,sell,10.59,415700,415700,0,2023-06-15 09:49:29.113485
FSEI,60354129011,sell,10.59,4800,4800,0,2023-06-15 10:10:57.549722
FSEI,ZYF,sell,10.59,4800,4800,0,2023-06-15 11:23:12.184769
FSEI,93353037559,sell,10.59,415700,415700,0,2023-06-15 14:54:28.188000
FSEI,59255167650,sell,10.59,51000,51000,0,2023-06-15 11:29:44.380532
FSEI,ZYF,sell,10.59,51000,51000,0,2023-06-15 13:01:37.830646
FSEI,ZYF,sell,10.59,51200,51200,0,2023-06-15 13:44:42.815121
FSEI,74109258330,sell,10.59,51200,51200,0,2023-06-15 14:16:08.512065
FSEI,ZYF,sell,10.59,57800,57800,0,2023-06-15 10:28:05.912578
FSEI,91369728960,sell,10.59,57800,57800,0,2023-06-15 14:19:36.432235
FSEI,85426173815,sell,10.59,51700,51700,0,2023-06-15 09:34:02.663843
FSEI,ZYF,sell,10.59,51700,51700,0,2023-06-15 11:00:37.530232
FSEI,ZYF,sell,10.59,47600,47600,0,2023-06-15 09:38:43.950881
FSEI,ZYF,sell,10.59,51700,51700,0,2023-06-15 11:25:18.011022
FSEI,58891600577,sell,10.59,47600,47600,0,2023-06-15 14:51:24.809898
FSEI,50519660324,sell,10.59,51700,51700,0,2023-06-15 14:55:05.402402
FSEI,ZYF,sell,10.59,39000,39000,0,2023-06-15 10:49:32.638723
FSEI,21308943568,sell,10.59,39000,39000,0,2023-06-15 13:47:49.785731
FSEI,81063925010,sell,10.59,84400,84400,0,2023-06-15 09:46:05.593968
FSEI,ZYF,sell,10.59,84400,84400,0,2023-06-15 14:08:33.701766
FSEI,ZYF,sell,10.59,52200,52200,0,2023-06-15 09:52:56.728641
FSEI,ZYF,sell,10.59,487400,487400,0,2023-06-15 10:55:02.375569
FSEI,88992850137,sell,10.59,487400,487400,0,2023-06-15 11:09:36.931653
FSEI,93554005078,sell,10.59,52200,52200,0,2023-06-15 14:35:05.458533
FSEI,83285099028,sell,10.59,385100,385100,0,2023-06-15 10:00:27.442735
FSEI,ZYF,sell,10.59,385100,385100,0,2023-06-15 14:49:43.823239
FSEI,ZYF,sell,10.59,50000,50000,0,2023-06-15 10:18:22.918510
FSEI,29976718862,sell,10.59,49400,49400,0,2023-06-15 10:22:43.076901
FSEI,ZYF,sell,10.59,49400,49400,0,2023-06-15 13:01:24.355473
FSEI,72132298214,sell,10.59,50000,50000,0,2023-06-15 13:02:35.458285
FSEI,ZYF,sell,10.59,82700,82700,0,2023-06-15 11:08:28.040042
FSEI,ZYF,sell,10.59,99900,99900,0,2023-06-15 13:50:30.335640
FSEI,41229353014,sell,10.59,82700,82700,0,2023-06-15 13:50:37.831267
FSEI,91011433015,sell,10.59,99900,99900,0,2023-06-15 14:17:59.969282
FSEI,ZYF,sell,10.59,75600,75600,0,2023-06-15 09:49:08.306649
FSEI,17007859733,sell,10.59,96400,96400,0,2023-06-15 13:06:00.348619
FSEI,18104547745,sell,10.59,75600,75600,0,2023-06-15 13:28:14.398027
FSEI,ZYF,sell,10.59,96400,96400,0,2023-06-15 13:44:52.737239
FSEI,32613979876,sell,10.59,51000,51000,0,2023-06-15 10:23:28.100404
FSEI,ZYF,sell,10.59,51000,51000,0,2023-06-15 10:30:22.749104
FSEI,ZYF,sell,10.59,49200,49200,0,2023-06-15 10:38:23.292386
FSEI,45442094483,sell,10.59,49200,49200,0,2023-06-15 13:01:03.683466
FSEI,ZYF,sell,10.59,499400,499400,0,2023-06-15 14:16:18.750781
FSEI,55278423095,sell,10.59,499400,499400,0,2023-06-15 14:52:58.974450
FSEI,74487748078,sell,10.59,38700,38700,0,2023-06-15 10:42:50.808388
FSEI,ZYF,sell,10.59,38700,38700,0,2023-06-15 14:31:24.916900
FSEI,ZYF,sell,10.59,26100,26100,0,2023-06-15 09:33:57.895307
FSEI,ZYF,sell,10.59,37000,37000,0,2023-06-15 10:09:29.561564
FSEI,24270365556,sell,10.59,37000,37000,0,2023-06-15 13:23:50.768696
FSEI,94632203164,sell,10.59,26100,26100,0,2023-06-15 13:27:15.284839
FSEI,91912239216,sell,10.59,962500,962500,0,2023-06-15 10:58:45.764853
FSEI,ZYF,sell,10.59,962500,962500,0,2023-06-15 13:30:53.178904
FSEI,ZYF,sell,10.59,44300,44300,0,2023-06-15 14:09:43.699571
FSEI,ZYF,sell,10.59,44900,44900,0,2023-06-15 14:11:56.994006
FSEI,46581468099,sell,10.59,44300,44300,0,2023-06-15 14:14:55.387302
FSEI,60958786199,sell,10.59,44900,44900,0,2023-06-15 14:39:50.119436
FSEI,ZYF,sell,10.59,39800,39800,0,2023-06-15 09:35:42.963809
FSEI,ZYF,sell,10.59,54000,54000,0,2023-06-15 11:05:28.345798
FSEI,60382105907,sell,10.59,54000,54000,0,2023-06-15 13:11:46.039207
FSEI,12396165581,sell,10.59,39800,39800,0,2023-06-15 13:46:21.200951
FSEI,43428154284,sell,10.59,990200,990200,0,2023-06-15 11:26:21.056826
FSEI,ZYF,sell,10.59,990200,990200,0,2023-06-15 14:30:27.728589
FSEI,85495917519,sell,10.59,95200,95200,0,2023-06-15 10:03:10.616945
FSEI,ZYF,sell,10.59,95200,95200,0,2023-06-15 14:46:18.063509
FSEI,ZYF,sell,10.59,48200,48200,0,2023-06-15 10:12:03.382389
FSEI,21457572365,sell,10.59,48200,48200,0,2023-06-15 13:10:43.207968
FSEI,24758580989,sell,10.59,50000,50000,0,2023-06-15 10:07:19.211213
FSEI,ZYF,sell,10.59,50000,50000,0,2023-06-15 10:27:45.667719
FSEI,ZYF,sell,10.59,51000,51000,0,2023-06-15 13:15:27.479588
FSEI,90259865166,sell,10.59,51000,51000,0,2023-06-15 13:20:52.513194
FSEI,69430868781,sell,10.59,49300,49300,0,2023-06-15 09:38:26.690516
FSEI,65869298244,sell,10.59,38900,47100,8200,2023-06-15 10:01:24.733413
